1	nie	398597
2	bez	18798
3	niech	10824
4	niego	10042
5	niestety	5163
6	niej	4739
7	niepełnosprawnych	4521
8	nienawidzę	2318
9	niemcy	2211
10	niektórzy	1929
11	niektórych	1924
12	niedługo	1585
13	niepełnosprawnym	1454
14	bezprzewodowe	1453
15	niemiec	1339
16	bezinteresownie	1233
17	niedzielę	1156
18	niece	1150
19	niepodległości	1117
20	niektóre	1031
21	niemieckie	1023
22	nienawidze	996
23	nieciekawy	966
24	niemczech	883
25	niedawno	830
26	niewiele	815
27	niee	806
28	niepełnosprawne	789
29	niemieckich	785
30	niebo	783
31	niesamowite	750
32	nienawidzą	695
33	niebawem	687
34	niemiecki	659
35	niemal	648
36	nieba	608
37	niedopieprzonym	601
38	nieźle	593
39	bezpieczeństwa	589
40	niemieckiego	583
41	niemcom	571
42	nienawiści	560
43	nieco	545
44	niedobrze	541
45	niemiecka	493
46	niemożliwe	464
47	niemieckim	456
48	nieważne	441
49	niedziele	438
50	nieprawda	431
51	niezwykle	430
52	niemiła	421
53	nieruchomości	416
54	nieoznakowanym	415
55	niesamowicie	414
56	nienawidzić	394
57	niebie	394
58	niemców	387
59	niekoniecznie	371
60	niezły	364
61	nieprawidłowościach	358
62	niezbyt	343
63	niezgoda	339
64	niespodzianka	338
65	niedaleko	333
66	niedziela	329
67	niepełnosprawnymi	324
68	niesamowity	324
69	niezła	315
70	nielegalne	306
71	niezdolnością	305
72	niepełnosprawni	301
73	nienawiść	300
74	niew	294
75	nier	282
76	niecałe	280
77	niektórym	270
78	niekiedy	269
79	niemki	266
80	bezce	264
81	nieoficjalnie	262
82	niedowartościow	262
83	niewielkie	253
84	nielicznych	251
85	niesamowita	251
86	nieee	247
87	bezpieczeństwo	247
88	niepełnosprawnościami	242
89	nieoznakowane	241
90	niezwykłe	238
91	beznadziejna	238
92	niewielkim	234
93	niec	232
94	niedlugo	228
95	niepełnosprawnego	222
96	niemca	221
97	niemcami	220
98	bezpiecznie	215
99	niezależnie	208
100	niemniej	207
101	bezkarnie	205
102	bezsensowna	201
103	niesie	199
104	niedojebany	197
105	niewielu	195
106	niesiołowskiemu	194
107	niepełn	192
108	nieporozumienia	188
109	niepotrzebne	187
110	niedowierzaniem	186
111	niezatrzymanie	184
112	bezcenna	184
113	nienawidzi	183
114	niespotkałam	182
115	nieb	180
116	niewiarygodne	179
117	nieraz	174
118	niezłe	172
119	niepotrzebnie	171
120	bezpartyjnym	171
121	niepełno	170
122	niewinnych	169
123	nieufności	168
124	niebieskie	167
125	niebezpieczne	166
126	bezczynność	166
127	nieustającym	166
128	niespotykane	163
129	niedawna	161
130	niezle	158
131	bezpośrednio	157
132	nieznany	156
133	niektorzy	154
134	niekorzystnie	154
135	niep	150
136	niepublikowane	149
137	niebywałe	149
138	nieszczęścia	149
139	niebezpieczny	147
140	niepatologicznej	147
141	niezmiennie	144
142	niecały	144
143	niewygodne	143
144	niemieckiej	143
145	niebiosa	143
146	niepelnosprawnych	139
147	nieeeeee	134
148	beze	134
149	beznadziejnie	128
150	niestrawni	127
151	niektore	127
152	niepełnosprawnością	127
153	beznadziejny	126
154	bezczelne	124
155	nieznana	124
156	bezpieczne	123
157	niepojęte	122
158	nieporozumienie	121
159	beznadziejne	121
160	niedzieli	118
161	nieskończoności	118
162	niek	117
163	niesprawiedliwe	115
164	niejaki	115
165	nienawiścią	115
166	niebezpieczna	114
167	niesiołowski	112
168	niedoszły	110
169	bezczelny	109
170	niesłychane	108
171	bezcenny	108
172	niemy	106
173	niecierpliwością	103
174	niepłodności	102
175	nieprawidłowości	102
176	nieoficjalnych	101
177	nieobecność	101
178	bezczelność	101
179	niewidzialna	100
180	niepotrzebna	99
181	niesamowitego	98
182	nieobc	98
183	beza	98
184	nieszczęście	97
185	niema	96
186	niewiadomo	96
187	nieładnie	95
188	bezpieczna	94
189	nieeee	94
190	niel	94
191	bezpłatne	93
192	niewyspana	92
193	niebieski	92
194	niebez	92
195	niewyjaśnionych	92
196	niem	92
197	niezrozumiałe	91
198	nieszczes	91
199	nieuzasadniona	91
200	niepełnosprawności	91
201	niebios	90
202	nieczysto	90
203	niepeł	89
204	niewątpliwie	89
205	niespodziewanie	88
206	niebieską	87
207	niepełnosprawn	87
208	niekompetencje	86
209	nieżydowskich	86
210	niezłą	86
211	niemiecku	86
212	nieśmieszny	82
213	niedowierzanie	82
214	bezspadkowego	80
215	nieznane	80
216	niezgody	80
217	niebem	79
218	bezczelnie	79
219	bezkarni	78
220	niepublikowanym	77
221	nierealne	77
222	bezpieczny	76
223	niepokoju	76
224	bezterminową	75
225	nieprawdopodobne	75
226	niez	75
227	niespodziankę	74
228	bezrobocie	74
229	bezspadkowe	74
230	nieskonczonosci	72
231	niegroźna	72
232	nielegalnie	72
233	niesławny	70
234	niepełnosprawny	70
235	niewyobrażalne	70
236	niebezpiecznie	69
237	bezpieczniej	69
238	bezprawnych	68
239	bezwartościową	68
240	nieobecności	68
241	nieśmiało	68
242	niezł	67
243	nieustannie	66
244	niedopuszczenie	66
245	niezależnych	66
246	niespełna	66
247	nierealnie	66
248	niedzielny	66
249	niezwykła	65
250	niesłusznie	65
251	nieodpowiedzialną	64
252	niepokój	64
253	niezwykły	64
254	niemiecko-szwajcarskiego	64
255	niesamowitym	64
256	niepodległej	63
257	niektorych	63
258	nieszczęść	63
259	niepotw	62
260	bezprawnie	62
261	nieznający	62
262	niezbędne	62
263	niecierpliwie	61
264	niewazne	61
265	bezczelna	60
266	niemu	60
267	niezamężne	60
268	nieudacznikó	59
269	nierealnym	59
270	niemieccy	59
271	niewinny	59
272	niechęć	58
273	bezczynnoś	58
274	nieskończoność	58
275	nieprzytomna	57
276	niezależna	57
277	niecałą	57
278	niedostępny	56
279	bezprawia	56
280	niezgodny	56
281	niepotwierdzone	56
282	niekorzystne	56
283	nieeeee	56
284	niesprawied	56
285	niezależne	55
286	niezależnym	55
287	bezpodstawnie	55
288	niektórymi	55
289	nieoficjalne	54
290	niezależny	54
291	niedzielne	54
292	niewiem	54
293	niezapomniany	53
294	nieformalnej	53
295	niedoczekanie	53
296	niezgodne	53
297	bezsenność	53
298	niewpuszczenie	53
299	niedoceniany	52
300	niejednokrotnie	52
301	niezależnego	52
302	bezcenne	52
303	niezadowolenia	52
304	niemiecką	52
305	niejednego	52
306	nienawodniony	51
307	nieludzkie	51
308	nieletnich	51
309	niezawodny	51
310	niepoprawnych	51
311	niegodziwe	51
312	niepełnosprawna	50
313	niegdyś	50
314	bezspornie	50
315	bezpośrednie	49
316	niezależność	49
317	nieporozumieniem	49
318	nieznanego	49
319	niedosyt	49
320	niemiłosiernie	49
321	niesmak	49
322	bezsensowne	49
323	niekorzystny	49
324	nieprawdaż	48
325	niesamowitych	48
326	niewypał	48
327	niezłożone	47
328	niebieska	47
329	niezręcznie	47
330	bezprawiu	46
331	nieprawdziwe	46
332	niekomfortowo	46
333	niewielkiej	46
334	niemożliwych	45
335	bezpieki	45
336	niezliczone	45
337	bezwarunkowy	45
338	niepełnospraw	45
339	nieświeckie	45
340	nienartowicz	45
341	niechcący	45
342	niesamowici	44
343	bezprecedensowy	44
344	bezużyteczne	44
345	nietęskliwy	44
346	bezludnej	44
347	niezłomnych	44
348	nieliczni	44
349	bezmiar	44
350	niechętnych	43
351	nieironicznie	43
352	bezpiecznej	43
353	bezdomnych	42
354	niewykorzystany	42
355	niedźwiedziem	42
356	niezgodna	42
357	niezamężna	42
358	nieaktywny	42
359	niebezpieczeństwo	42
360	niepotrzebni	41
361	niezwykłą	41
362	nieśmiała	41
363	nieobowiązkowe	41
364	nieustające	40
365	niecałych	40
366	niepełnosprawną	40
367	niewolnicy	40
368	nienormalna	40
369	niesłychana	40
370	niebieskiego	40
371	nie-niemieckich	40
372	bezustannie	40
373	niefajnie	39
374	nienawidzący	39
375	niesławnej	39
376	niespodzianki	39
377	nieznajomość	39
378	niedojda	39
379	nieważny	39
380	bezpłatny	39
381	nieaktualne	39
382	nieudanej	38
383	niepokojące	38
384	nieszczere	37
385	nieprzygotowana	37
386	niewykluczone	37
387	niebieskim	37
388	bezrękawnik	37
389	nieidące	37
390	nienormalne	37
391	bezprawne	37
392	niende	37
393	bezgraniczną	37
394	niemiłe	37
395	bezpośrednich	37
396	niepłacenia	37
397	niesamowitą	37
398	niezdrowe	36
399	niepelnosprwnych	36
400	niepotrzebny	36
401	bezapelacyjnie	36
402	niezadowoleni	36
403	bezcen	36
404	bezalkoholowe	36
405	niepokoi	36
406	niepodrabialny	36
407	niepodległość	35
408	niezrozumiała	35
409	nieczynne	35
410	niewoli	35
411	niebieskich	35
412	nieformalne	35
413	nieprzyzwoity	35
414	nieprzewidywalna	34
415	bezprawny	34
416	niewinnego	34
417	niepodleg	34
418	niedawnej	34
419	niepoważne	33
420	niejeden	33
421	beznadzieja	33
422	bezpośredniego	33
423	niebiesko	33
424	niepewności	33
425	nienormalny	33
426	nieszczęsny	33
427	bezpłatna	33
428	nieg	33
429	nieśmiertelnością	33
430	niewykonalne	32
431	niewiernych	32
432	nienawidza	32
433	nierównego	32
434	bezpieczniejszy	32
435	niechlubny	32
436	nieurodzaju	32
437	niezwykłego	32
438	niewolnikiem	32
439	nietypową	32
440	bezsens	32
441	nieść	32
442	nieziemsko	31
443	niemen	31
444	nieśmiertelny	31
445	niepowta	31
446	niepokojąca	31
447	niejedną	31
448	nieśmiałość	31
449	bezrobocia	31
450	niemela	31
451	beznadziejnym	31
452	bezpieczeństwie	31
453	nieudacznik	30
454	niewyedukowany	30
455	bezradne	30
456	niedoskonałości	30
457	niepotrzebnych	30
458	niepełnosprawnej	30
459	nieruchomość	30
460	nieodwracalne	30
461	niedożywienia	30
462	nietypowa	30
463	niecccceeee	30
464	niewielka	30
465	bezegol	29
466	nieudacznicy	29
467	niemka	29
468	bezrobotnych	29
469	niedalekiej	29
470	niegrzeczne	29
471	nieudane	29
472	niejako	29
473	bezczel	29
474	nielegalnym	29
475	niedorzeczne	29
476	bezpieczeństwu	29
477	niewystarczający	28
478	niezapomniane	28
479	niecierpliwy	28
480	nienawidzicie	28
481	niepełnos	28
482	niedobrego	28
483	nieruchomościami	28
484	niemi	28
485	bezdroża	28
486	nieżyjącego	28
487	niewolników	28
488	nietypowy	28
489	niekontrolowanym	28
490	niesmakiem	28
491	niepełnosprawność	28
492	nieliczne	28
493	niewinne	28
494	bezsensu	27
495	nieodwracalnie	27
496	nienawidzisz	27
497	niegrzeczna	27
498	niewolę	27
499	niedźwiedzia	27
500	bezspadkowych	27
501	nieporadność	27
502	nieudolna	26
503	nieprawości	26
504	niezwykłym	26
505	niemcow	26
506	nieprzygotowani	26
507	nieprawdziwa	26
508	bezmyślnie	26
509	bezpieczn	26
510	bezsilności	26
511	bezczelnego	26
512	bezpośredni	26
513	nieodpowiedni	26
514	niewzne	26
515	niezla	25
516	nierealnych	25
517	bezpowrotnie	25
518	nieudolne	25
519	niewpuszczani	25
520	bezpieczni	25
521	niebezpiecznego	25
522	niedopuszczalna	25
523	niespodzianek	25
524	niezgodę	25
525	niesprawiedliwość	25
526	nietypowe	25
527	nieciekawie	25
528	niesamowitej	25
529	niedźwiedź	25
530	bezdomnego	25
531	niedopuszczalne	25
532	niezly	24
533	bezpieczną	24
534	niewierzący	24
535	bezos	24
536	nielegalny	24
537	niezmiernie	24
538	nieudana	24
539	niechaj	24
540	niedźwiedziu	24
541	bezwzględnie	24
542	nieznani	24
543	niedouczony	24
544	nieskończone	24
545	nietuzinkowi	24
546	niewiadomego	24
547	niezdecydowany	24
548	nies	24
549	nierobów	24
550	niewygodnych	24
551	niedźwiedzi	24
552	niewinna	24
553	niedotrzymanie	23
554	niewyraźnie	23
555	nieśmiertelności	23
556	niejakiego	23
557	bezsilna	23
558	nierozsądnej	23
559	niezależni	23
560	niepewny	23
561	bezprawnego	23
562	bezproblemowe	23
563	nieprzyjemna	23
564	niewłaściwy	23
565	niet	23
566	nielegalnych	23
567	bezpiekę	23
568	nieprawdziwie	22
569	nienaruszona	22
570	nietykalni	22
571	bezpłodności	22
572	niejasną	22
573	nie-polskę	22
574	niekoszernego	22
575	niesprawiedliwa	22
576	nieprzewidywalny	22
577	nieszczęściu	22
578	niemnem	22
579	niewiadoma	22
580	bezp	22
581	niefajne	22
582	nieuk	22
583	nie-wp	22
584	nieste	22
585	nied	22
586	nieświadomie	22
587	bezołowiowa	22
588	niepoważni	21
589	nielwink	21
590	nieprzemijającej	21
591	niezależnej	21
592	niepoprawne	21
593	niezastąpiony	21
594	nieprefekcyjnej	21
595	nieszczęśnik	21
596	nierówność	21
597	niezdrowo	21
598	niekorzyść	21
599	bezskutecznie	21
600	nienależnych	21
601	niezręczny	21
602	nieustającej	21
603	nieomal	21
604	nieistotne	21
605	bezwzględny	21
606	niesiołowskiego	21
607	bezkarne	21
608	nienarodzo	21
609	bezgraniczna	21
610	bezlitosne	21
611	nielegalna	21
612	niemiecko-szwajcarski	20
613	nieciekawą	20
614	niezdrowego	20
615	nienawi	20
616	nietykalny	20
617	niegodne	20
618	nieodpowiedzialnych	20
619	nieprawdę	20
620	niewygodna	20
621	bezmózgi	20
622	niegojące	20
623	niedojada	20
624	niesprawiedliwie	20
625	niekończące	20
626	niefortunnymi	20
627	niezwłocznie	20
628	niewybuchy	20
629	bezwzględnych	20
630	niemozliwe	20
631	bezsensem	20
632	niepokornemu	20
633	niebyt	20
634	nieumiarkowanie	20
635	niegodnych	20
636	niebieskiej	20
637	niewiedza	20
638	niewiedzy	20
639	bezdomny	20
640	niewielki	20
641	nienawisci	20
642	niedojebana	19
643	niewidzialnej	19
644	niepe	19
645	nie-polaków	19
646	niespełnione	19
647	niehumanitarne	19
648	nieżydowskie	19
649	nieudacznikiem	19
650	niewygodny	19
651	nieodpowiedzialne	19
652	nieswojo	19
653	niedrogiego	19
654	bezbłędnie	19
655	nienawidz	19
656	nieudany	19
657	nieczysta	19
658	nieodpowiednio	19
659	niepowodzeń	19
660	niesprawne	19
661	nieunikniony	19
662	niemożliwym	19
663	niesamowitymi	19
664	niesmieszny	19
665	nieswiadomie	19
666	niezrozumienie	19
667	nieodparte	19
668	nienal	19
669	niewpuszczanie	19
670	niepełnoletnie	19
671	niedościgniona	19
672	niepokoić	19
673	niezmienne	19
674	niepewność	19
675	nieszczęściem	18
676	niejawnym	18
677	bezradna	18
678	niekro	18
679	nieszczęśliwa	18
680	beztam	18
681	niemieckimi	18
682	niepokojący	18
683	nieporozumień	18
684	bezmózg	18
685	nielegalnego	18
686	niezasłużony	18
687	niesioła	18
688	niepowtarzalny	18
689	nieśmy	18
690	nieznanych	18
691	niepokonana	18
692	niedowiarkom	18
693	niebezpiecznych	18
694	niedorobiony	18
695	niewykorzystane	18
696	niezadowolony	18
697	niedzielnej	18
698	nieprzyjemny	18
699	niezdecydowana	18
700	bezstresowe	18
701	niecala	18
702	bezbronne	18
703	nieyelle_	18
704	niezłomnego	18
705	niewinni	18
706	niedobre	18
707	niekrytego	17
708	bezpłatnie	17
709	niente	17
710	nieomylna	17
711	niejasne	17
712	niele	17
713	bezpłodność	17
714	niedoceniony	17
715	bezwględniejsze	17
716	niecieczy	17
717	nieogolona	17
718	bezpardonowa	17
719	niebezpieczną	17
720	niepełnospr	17
721	niewierze	17
722	nierząd	17
723	niebezpiecze	17
724	niepamięć	17
725	niepełnosp	17
726	niespodziwane	17
727	nieto	17
728	beznadziejni	17
729	beznadziejnego	17
730	niemożliwy	17
731	nietoperz	17
732	niemiara	17
733	bezrefleksyjnie	17
734	niewyobrażalny	17
735	nieciekawe	16
736	nielegalną	16
737	bezwzględne	16
738	bezprecedensowe	16
739	nieżydów	16
740	bezczelności	16
741	bezgranicznie	16
742	niesmaczne	16
743	niegrzeczny	16
744	nieograniczonych	16
745	nieprzysługującą	16
746	niewiniątek	16
747	nielsen	16
748	nieznanym	16
749	niewerbalnymi	16
750	niepowtarzalne	16
751	niezawo	16
752	niespecjalnie	16
753	niepatriotycznie	16
754	nieśmieszne	16
755	nieposkromiona	16
756	nieprzyjęte	16
757	niemożliwa	16
758	niewyobrażalnie	16
759	niezupełnie	16
760	niezauważalnie	16
761	nieudaczników	16
762	niedobry	16
763	nieskorumpowanego	16
764	bezpartyjny	15
765	niefortunnych	15
766	nieprzyjemnego	15
767	nieoznakowanego	15
768	niesamodzielny	15
769	nieudolny	15
770	nielogiczne	15
771	nieuka	15
772	nieuku	15
773	bezzasadną	15
774	niebywale	15
775	niezmąconego	15
776	bezsilni	15
777	nierentowne	15
778	niechciane	15
779	niewożeniem	15
780	bezpodstawne	15
781	bezpłatnej	15
782	niechby	15
783	nietylko	15
784	bezbronnych	15
785	niemilosiernie	15
786	niejedna	15
787	niechętnie	15
788	niewiadomą	15
789	bezrobotne	15
790	nienawidzilam	15
791	niecelne	15
792	niestabilna	15
793	niezidentyfikowany	15
794	niepodległa	15
795	nieskromnie	15
796	nieprzerwanie	15
797	nieczułym	15
798	niepozorny	15
799	niemce	15
800	niepodległą	15
801	niedowiarki	15
802	nieprzychylnym	15
803	nieodwzajemniona	15
804	niewdzięczna	15
805	bezmozgowcami	15
806	bezdomni	15
807	bezpieczeństwem	14
808	nierówno	14
809	nierówna	14
810	nieodpowiednie	14
811	bezawada	14
812	bezpośrednim	14
813	bezsilne	14
814	bezzzy	14
815	nieprofesjonalną	14
816	niezależnom	14
817	niedojrzałe	14
818	niepokornych	14
819	nieoficjalny	14
820	niespodzianke	14
821	bezprawie	14
822	niezręczna	14
823	niepowodzenie	14
824	bezlitosna	14
825	nieakustyczne	14
826	nienawistnie	14
827	niewdzięczny	14
828	nieudolnie	14
829	niedokończonym	14
830	niedocenia	14
831	niedz	14
832	nieogarnięta	14
833	niewybuchów	14
834	niespotykany	14
835	bezsensownych	14
836	nieza	14
837	niechciana	14
838	niezadowolona	14
839	nieoczywisty	14
840	niemalże	14
841	niewypuszczonej	14
842	bezgotówkowej	14
843	nieobecny	14
844	bezwartościowi	14
845	nieaktywnych	14
846	niezrównoważony	14
847	niewygodnie	14
848	niewy	14
849	bezpieczenstwa	14
850	niezaleznie	14
851	bezczelni	13
852	nieodkryte	13
853	nieszkodliwosci	13
854	nierozliczony	13
855	niechęci	13
856	niezawisłych	13
857	niepodległym	13
858	nieujarzmione	13
859	niemocy	13
860	niedopatrzenie	13
861	niedojebani	13
862	nieudanych	13
863	nienarodzonych	13
864	niewolnik	13
865	niemie	13
866	nieczytającej	13
867	nieuwagi	13
868	nieparzysty	13
869	niewypowiedziane	13
870	niezręczne	13
871	nieprawdopodobny	13
872	nieudaczniku	13
873	nienormalni	13
874	nieformalnym	13
875	niemieck	13
876	niezgodną	13
877	bezsensowny	13
878	bezwgledu	13
879	bezdechu	13
880	nieprzyjemność	13
881	bezkarny	13
882	nieuczciwi	13
883	niewinnie	13
884	niezgode	13
885	nierozważne	13
886	niewinność	13
887	nieważna	13
888	niedociera	13
889	beznadziejną	13
890	nieudolności	13
891	niezbędna	13
892	nie-działać	13
893	bezczela	13
894	bezpieka	13
895	bezmyślnych	13
896	niewidzenie	13
897	nieve	13
898	niezłego	13
899	niekoronowany	13
900	niezgodą	13
901	niebezpieczeństwa	13
902	niezrozumiale	12
903	nienawidziła	12
904	niebla	12
905	niepo	12
906	nieukiem	12
907	bezwzględni	12
908	nietzsche	12
909	nieudanymi	12
910	niecy	12
911	niechciał	12
912	nietaką	12
913	niekompetencji	12
914	niewykonany	12
915	bezskuteczn	12
916	nielong	12
917	niezainteresowanych	12
918	niewerbalną	12
919	niewidoczne	12
920	niest	12
921	niezdrowy	12
922	nieoczekiwany	12
923	bezmyślność	12
924	niebezpieczni	12
925	niekniekniek	12
926	niespod	12
927	niepewn	12
928	nierozwiązane	12
929	niepodl	12
930	nieczynny	12
931	bezwstydnie	12
932	nieduże	12
933	nieuchwytni	12
934	nieżywa	12
935	bezpłatnych	12
936	niesłychanie	12
937	nielegalnymi	12
938	nieuczesana	12
939	nieruchomosci	12
940	nielllllll	12
941	niewidomych	12
942	niewolnictwa	12
943	niezawodni	12
944	nieprzerzuceniu	12
945	bezpośrednią	12
946	niezbadane	12
947	nieśmiały	12
948	niepelnosprawności	12
949	bezkonkurencyjny	12
950	niejednej	12
951	bezpłatną	12
952	bezpiecznego	12
953	niekons	12
954	bezpłatnego	12
955	bezrobotnym	12
956	bezwartościowe	12
957	niezgodnie	12
958	bezpłatnym	12
959	niepokojów	12
960	niecale	12
961	nieprzystająca	12
962	nienienie	12
963	nierządu	12
964	nieszkodliwi	12
965	nieugięte	12
966	niezwykłej	12
967	niewie	12
968	niedoli	11
969	niedziała	11
970	niebezpiecz	11
971	nienawistne	11
972	niereprezentatywną	11
973	niepełnospranych	11
974	nieskończona	11
975	niepokalanie	11
976	nieograniczone	11
977	niediegetyczne	11
978	nietypowej	11
979	nienachapana	11
980	nieuczciwym	11
981	niewidzialną	11
982	niewidzące	11
983	nieskuteczną	11
984	nieszczęśliwe	11
985	nieuruchomienie	11
986	bezposrednio	11
987	niezdrowa	11
988	bezposre	11
989	niezwykłymi	11
990	niekryty	11
991	nieciecza	11
992	niepokorni	11
993	niescierto	11
994	niewinności	11
995	niedzielą	11
996	niespodzianką	11
997	niewszystkie	11
998	niechcacy	11
999	niepokonani	11
1000	nieczynna	11
1001	nielegalu	11
1002	nieodpowiednim	11
1003	niemile	11
1004	bezpośredniej	11
1005	niespokojna	11
1006	nieubłagana	11
1007	nierobienie	11
1008	nieeeego	11
1009	niepr	11
1010	niedużo	11
1011	nieeeeeeee	11
1012	bezsprzecznie	11
1013	beznadziejnej	11
1014	niepokojem	11
1015	niescier	11
1016	niemcem	11
1017	niektorym	11
1018	nieudanego	11
1019	nieuniknione	11
1020	niexd	11
1021	niejaka	11
1022	niedobór	11
1023	niepomiernie	11
1024	nielojalnych	11
1025	nieuzasadnione	11
1026	niestarających	11
1027	niezazdrosny	11
1028	nienaiwdze	11
1029	bezdennie	11
1030	nielatów	11
1031	niesnaski	11
1032	nieuchronne	11
1033	nieprzemyślane	11
1034	bezpotomnie	11
1035	bezdomnym	11
1036	niezdecydowała	11
1037	niedzielnego	11
1038	niebyło	11
1039	nieugięty	11
1040	niezmienna	11
1041	niegoooo	10
1042	niecierpliwa	10
1043	bezbłędne	10
1044	nieogrodzony	10
1045	nienawiscia	10
1046	niepodległościowy	10
1047	niewidzialny	10
1048	bezgranicxnje	10
1049	bezradny	10
1050	bezwiedną	10
1051	bezużyteczna	10
1052	bezradność	10
1053	niedodawanie	10
1054	niechce	10
1055	bezwzględnej	10
1056	bezpieczniejsze	10
1057	niespodziewanych	10
1058	niedopuszczanie	10
1059	nieswoim	10
1060	bezpi	10
1061	nieceeeee	10
1062	niejedno	10
1063	bezspadkowym	10
1064	bezklezntilezr	10
1065	niebezpieczeństwie	10
1066	bezrobotni	10
1067	bezzzty	10
1068	nietrudno	10
1069	niezgo	10
1070	bezkompromisowość	10
1071	nietoperze	10
1072	beznadziej	10
1073	niejaką	10
1074	niemowlaka	10
1075	niedzielnym	10
1076	niebyłbym	10
1077	nieprzyda	10
1078	bezkarności	10
1079	niecodzienna	10
1080	niespotykaną	10
1081	niewidomy	10
1082	niejakim	10
1083	niedorobiona	10
1084	nieznaną	10
1085	niepokorny	10
1086	niemota	10
1087	niezadowolonych	10
1088	nieodzownym	10
1089	nieuświadomionym	10
1090	niezamierzony	10
1091	nieregularnym	10
1092	niewłaściwych	10
1093	niezawisły	10
1094	bezerra	10
1095	niewymier	10
1096	niezrecznie	10
1097	nieparlamentarnym	10
1098	nieeeeeellllllll	10
1099	nieubłaganie	9
1100	niepokojącym	9
1101	bezkompromisowy	9
1102	bezpiecznym	9
1103	nienażarci	9
1104	nielimitowane	9
1105	niewińska	9
1106	niedouczonych	9
1107	nieświadomych	9
1108	niedokończone	9
1109	nierówny	9
1110	bezkarność	9
1111	nieudacznictwo	9
1112	niemiaszki	9
1113	niewykonanie	9
1114	nietykalna	9
1115	niepowetowana	9
1116	niepożądanych	9
1117	niełatwo	9
1118	nietoperzycy	9
1119	nieuki	9
1120	nieogrniete	9
1121	bezwględnie	9
1122	niegodny	9
1123	niesmiala	9
1124	nienwien	9
1125	nieklasyfikowaną	9
1126	niewiarygodny	9
1127	niewerbalne	9
1128	niesprawiedliwy	9
1129	nieprzychylny	9
1130	niewiasta	9
1131	niebawidze	9
1132	niepowazne	9
1133	niewydajny	9
1134	niespotykanego	9
1135	niedźwiedzki	9
1136	niedoceniane	9
1137	niestrudzenie	9
1138	niezależności	9
1139	niedopowiedzeniem	9
1140	nienie	9
1141	nienażarte	9
1142	niechlujnego	9
1143	nieprawdziwy	9
1144	nieudacznika	9
1145	nieprawdopodob	9
1146	niepokonany	9
1147	niedoszłego	9
1148	niepoprawnie	9
1149	niechlubną	9
1150	niewielkimi	9
1151	bezwarunkowo	9
1152	nierealny	9
1153	nienacka	9
1154	niespełnionych	9
1155	niedźwiadek	9
1156	niemożliwego	9
1157	niedoopisania	9
1158	nieważnych	9
1159	niezależną	9
1160	nieodpowiednich	9
1161	niedozywienia	9
1162	nieistotną	9
1163	niewierzącego	9
1164	niemądra	9
1165	bezlaternatywne	9
1166	niecodzienny	9
1167	nieliczna	9
1168	niezmienności	9
1169	nieetyczne	9
1170	bezzałogowe	9
1171	nieugiętości	9
1172	niebprzyjmujcie	9
1173	nieodebranych	9
1174	bezlitośnie	9
1175	niepelnosprawni	9
1176	bezgotówkowych	9
1177	nieszp	9
1178	niewyraźne	9
1179	niechże	9
1180	nieświadomości	9
1181	niecodzienne	9
1182	niestachowskiej	9
1183	bezjak	9
1184	niewyspania	9
1185	nieznaczący	9
1186	beznadziejności	9
1187	niemowląt	9
1188	niestosownym	9
1189	niepowodzeniem	9
1190	nieukryty	9
1191	bezznaczeniowości	9
1192	bezstresowy	9
1193	niepelnosprawnym	9
1194	bezlitosny	9
1195	niewsyapala	9
1196	niedzie	9
1197	nieośągalna	9
1198	nieszczelny	9
1199	nierobie	9
1200	bezpieczenstwo	9
1201	niedosytu	9
1202	niedobra	9
1203	niezrealizowane	9
1204	niewielką	9
1205	nietolerancji	8
1206	niedokończony	8
1207	nieoficjałki	8
1208	nieznajomi	8
1209	niedoceniani	8
1210	niedocenieni	8
1211	niezawodne	8
1212	niewarte	8
1213	niesprawnej	8
1214	bezrybiu	8
1215	bezbłędnego	8
1216	niechęcią	8
1217	nielao	8
1218	niedziałającym	8
1219	niewiarygodna	8
1220	niegodziwości	8
1221	niewidzialnych	8
1222	niezrzeszeni	8
1223	nieskazitelnie	8
1224	niedostępne	8
1225	niedostępna	8
1226	nieufność	8
1227	niepokalanego	8
1228	niemcach	8
1229	nieporównywalne	8
1230	beztalencie	8
1231	niedenthal	8
1232	niegalo	8
1233	nieodwracaln	8
1234	nieuwagę	8
1235	niereformowalna	8
1236	niepojęta	8
1237	niemcu	8
1238	bezjajeczny	8
1239	bezwstydna	8
1240	bezdyskusyjnie	8
1241	niebywały	8
1242	niepewne	8
1243	niemila	8
1244	niemial	8
1245	niekochana	8
1246	niespotykanym	8
1247	nieokreślona	8
1248	niestrudzona	8
1249	nieprzyjemnie	8
1250	bezradności	8
1251	niedospanych	8
1252	niesłuszn	8
1253	nievels	8
1254	nieuctwa	8
1255	niemoc	8
1256	niedrogo	8
1257	nietrafiony	8
1258	nieśli	8
1259	niemiły	8
1260	niekt	8
1261	niebycie	8
1262	nieeeeeee	8
1263	niedojabania	8
1264	nieznacznie	8
1265	bezmyślne	8
1266	niegroźne	8
1267	niedowagi	8
1268	beztroskie	8
1269	nienawidzona	8
1270	niemało	8
1271	niezwłoczny	8
1272	niedotrzymywania	8
1273	nieszczescie	8
1274	niewierzących	8
1275	nieznośny	8
1276	niepotrzebnej	8
1277	bezcenną	8
1278	niespodziewany	8
1279	niexh	8
1280	nieuprawnione	8
1281	niespodziewane	8
1282	nien	8
1283	bezbronni	8
1284	nieczystości	8
1285	nienaganny	8
1286	niezwykłych	8
1287	niektorymi	8
1288	nieskończenie	8
1289	niejawne	8
1290	nieczulym	7
1291	niemczec	7
1292	nieprzekonanych	7
1293	nieustająco	7
1294	niewychowane	7
1295	niekonstytucyjnych	7
1296	nieomylnych	7
1297	nieustannego	7
1298	nieciekawa	7
1299	niemałe	7
1300	bezchmurne	7
1301	nieregularnych	7
1302	niepodległościowych	7
1303	niezaprzeczalnie	7
1304	nienawid	7
1305	niepotwierdzonych	7
1306	niedokładnie	7
1307	nierozpakowane	7
1308	niepokalane	7
1309	nieśmiertelne	7
1310	niekonstytucyjnej	7
1311	nieśmiertelni	7
1312	niedoszacowani	7
1313	niejawnych	7
1314	bezkompromisowego	7
1315	niezniszczalna	7
1316	niewerbaln	7
1317	niepłodność	7
1318	niebezpiecznej	7
1319	niedojrzała	7
1320	niesympatyczny	7
1321	bezsensownym	7
1322	niewyspany	7
1323	niepełna	7
1324	niezrozumiały	7
1325	niewidomi	7
1326	niedlich	7
1327	niemą	7
1328	niepodleglosci	7
1329	bezduszna	7
1330	nieprędko	7
1331	niezadowolone	7
1332	niebytu	7
1333	niereformowalni	7
1334	nieprawidłowy	7
1335	niestający	7
1336	nielogiczni	7
1337	nieszczęśliweeeegoooo	7
1338	niekompetencja	7
1339	nieprawdziwą	7
1340	nieoceniony	7
1341	nieczego	7
1342	niebywała	7
1343	nieproporcjonalnie	7
1344	nieopodatkowane	7
1345	nieudaczniki	7
1346	nieczyste	7
1347	nieukończonych	7
1348	niecheci	7
1349	nienormowany	7
1350	niesprawdzoną	7
1351	niewolnicę	7
1352	niedawną	7
1353	niemili	7
1354	bezwarunkową	7
1355	bezpiecz	7
1356	nierozdzielną	7
1357	bezdusznym	7
1358	nieszczęsnych	7
1359	nieudolni	7
1360	niewidzialnym	7
1361	niezliczoną	7
1362	niewinnym	7
1363	nienajgorzej	7
1364	nienapisany	7
1365	nie-boska	7
1366	bezpieczniki	7
1367	bezpiecznika	7
1368	nieprzyjemne	7
1369	nieustanna	7
1370	bezsensowną	7
1371	niecierpie	7
1372	nieda	7
1373	niewesoło	7
1374	niedozwolonej	7
1375	niewolnictwo	7
1376	niekorzystnego	7
1377	nierobó	7
1378	nieposłuszeństwa	7
1379	niestosownie	7
1380	nieroby	7
1381	nieśmiałości	7
1382	nieszczęśliwie	7
1383	nieoczywiści	7
1384	niemiecko-polskie	7
1385	niedużych	7
1386	niezgłębionej	7
1387	nieobecnych	7
1388	niepodpisywanie	7
1389	niepełnospra	7
1390	nieaktualną	7
1391	nieobecnosci	7
1392	nieuz	7
1393	nieproporcjonalnej	7
1394	niezbędną	7
1395	nietakt	7
1396	niebagatelne	7
1397	niezbędny	7
1398	nierózniąca	7
1399	niepełnosprawnyc	7
1400	nieuczciwy	7
1401	niepewnej	7
1402	niepokoją	7
1403	niewielkich	7
1404	niechcenia	7
1405	niepelnosprawnego	7
1406	niesłuszne	7
1407	bezmozgowca	7
1408	niezlomnego	7
1409	niestachowie	7
1410	nieprawomocny	7
1411	niezłych	7
1412	niekończący	7
1413	bezzo	7
1414	nielot	7
1415	bezgraniczny	7
1416	niewerbalnych	7
1417	niedola	6
1418	nieszczęśliwy	6
1419	nieznajomości	6
1420	niefotogeniczna	6
1421	nieustający	6
1422	niedługim	6
1423	niedoceniona	6
1424	niestachowska	6
1425	niedoceniana	6
1426	bezkarnosci	6
1427	bezkręgowiec	6
1428	niebywałego	6
1429	niestrawności	6
1430	nienwiem	6
1431	nieudolnych	6
1432	niezłomna	6
1433	niefrasobliwego	6
1434	nieskuteczny	6
1435	bezczelnych	6
1436	nieomylny	6
1437	bezwartościowy	6
1438	niegodna	6
1439	nieznanej	6
1440	bezprawiem	6
1441	niewerbalna	6
1442	niedziel	6
1443	nieprofesjonalne	6
1444	nieuleczalne	6
1445	niegrzecznie	6
1446	nierówne	6
1447	niemutualsi	6
1448	nieużywane	6
1449	nieprzespana	6
1450	nieproszeni	6
1451	niepelnosprawne	6
1452	nieprawdą	6
1453	niemowlę	6
1454	nieśmiertelnego	6
1455	nieznajomych	6
1456	niewydolny	6
1457	nieprzytomności	6
1458	niedawnych	6
1459	niepomalowana	6
1460	niezaz	6
1461	nielhwan	6
1462	niewykorzystanych	6
1463	niemowlakami	6
1464	niekończącą	6
1465	nieoczekiwanego	6
1466	niewyspanie	6
1467	niesamodzielnych	6
1468	nieobsadzanie	6
1469	nienażarty	6
1470	nieznajomym	6
1471	niedorzwiyemia	6
1472	niedojrzały	6
1473	nieokreślony	6
1474	niesfornej	6
1475	nieznaj	6
1476	nieodpowie	6
1477	niespokojne	6
1478	niechodliwym	6
1479	nieśmieszną	6
1480	bezpiecznik	6
1481	niemowlaczek	6
1482	bezprzewodowych	6
1483	bezpoś	6
1484	niesluszna	6
1485	niestet	6
1486	nieosiągalnego	6
1487	nieprzytomnosci	6
1488	niepowtarzalną	6
1489	niebieskimi	6
1490	niefortunne	6
1491	niedouczeni	6
1492	nieefektywny	6
1493	nieaktualny	6
1494	niedorozwój	6
1495	niewarta	6
1496	niei	6
1497	bezprawnik	6
1498	niepra	6
1499	niemądre	6
1500	niecenzuralne	6
1501	niedłu	6
1502	niesolidność	6
1503	nietrafione	6
1504	niezwłocznego	6
1505	niepołomic	6
1506	niezrośnięte	6
1507	niezadowolenie	6
1508	niewarszawiaków	6
1509	bezi	6
1510	niezmordowani	6
1511	bezrobociu	6
1512	niepewnego	6
1513	niedocenianego	6
1514	bezuczuciowa	6
1515	niezn	6
1516	nieprzypadkowo	6
1517	nieobecni	6
1518	niedocenianym	6
1519	niezłomność	6
1520	nieustan	6
1521	nieprzemakalny	6
1522	niezłomni	6
1523	niezrozumiałego	6
1524	nieudacznikow	6
1525	niemożliwi	6
1526	nietuzinkowych	6
1527	niemiłego	6
1528	niespodziewaną	6
1529	niepotrzebnego	6
1530	bezszelestnie	6
1531	niewłaściwą	6
1532	bezpiecznych	6
1533	niezbędnymi	6
1534	nieszczególnie	6
1535	niewypłacanie	6
1536	bezczeln	6
1537	nienawisc	6
1538	nierychliwy	6
1539	niezatapialni	6
1540	niesienie	6
1541	bezwiednie	6
1542	niekname	6
1543	nieprzyjemności	6
1544	bezbronna	6
1545	niewinnej	6
1546	niegłupie	6
1547	bezdomna	6
1548	nierozgarnięci	6
1549	niestacjonarne	6
1550	niedobrą	6
1551	niewysoka	6
1552	bezpieczeńst	6
1553	niedostępność	6
1554	niezaleznosci	6
1555	niegodziwą	6
1556	nienormalnego	6
1557	nielicznymi	6
1558	nieaktywna	6
1559	nienaw	6
1560	niezrozumiana	6
1561	nienarodzonego	6
1562	niewykorzystanym	6
1563	bezsennej	6
1564	nienawidzących	6
1565	nieobliczalny	5
1566	nieciekawi	5
1567	nieograniczoną	5
1568	niegrozna	5
1569	niezajmowania	5
1570	bezpretensjonalna	5
1571	niedorzeczny	5
1572	nietolerancją	5
1573	niespodziankami	5
1574	niebanalnym	5
1575	niepasowało	5
1576	niewierny	5
1577	niezawodna	5
1578	bezdziedzicznego	5
1579	niemały	5
1580	niedozwolonym	5
1581	niepoprawna	5
1582	bezsilny	5
1583	niezastąpiona	5
1584	niepełnoletni	5
1585	nieadekwatne	5
1586	niewolnictwem	5
1587	bezczynne	5
1588	nieprawdopodobnie	5
1589	niedopowiedzenie	5
1590	bezuzyteczna	5
1591	niedoinformowany	5
1592	niepodległościowego	5
1593	niewymowną	5
1594	nieograniczony	5
1595	bezcześci	5
1596	niezłomny	5
1597	nienwidze	5
1598	niezawodnie	5
1599	bezsennosc	5
1600	nielewe	5
1601	bezcześcić	5
1602	bezprecedensowa	5
1603	niejasnych	5
1604	nienawidziłam	5
1605	bezjakiem	5
1606	bezużyteczny	5
1607	nieistniejącej	5
1608	niewiara	5
1609	niedomyśleń	5
1610	nieklasyfikowanie	5
1611	nierozgarnięty	5
1612	nieczuły	5
1613	niewymienne	5
1614	niejedyny	5
1615	nienawidzeee	5
1616	niewytłumaczalny	5
1617	bezkresna	5
1618	niebezpiecznym	5
1619	niezauważeni	5
1620	niemiecmich	5
1621	nieprawdopodobnego	5
1622	bezczelną	5
1623	niedopałek	5
1624	niematerialne	5
1625	niesmaczny	5
1626	niedorzeczności	5
1627	niewiasto	5
1628	niezstche	5
1629	niemena	5
1630	niepamiętających	5
1631	niedzwiedziem	5
1632	niedołężny	5
1633	nienawidxe	5
1634	niebezp	5
1635	nieuwaga	5
1636	niekłamaną	5
1637	niebi	5
1638	nieprzydatny	5
1639	niedostępnych	5
1640	bezsilność	5
1641	nietykalności	5
1642	niebywałą	5
1643	nieprzedawniają	5
1644	niezależ	5
1645	bezpiczny	5
1646	niemała	5
1647	nieodpowiedzialnym	5
1648	niedojeb	5
1649	niewidomej	5
1650	niewypały	5
1651	nieudaczny	5
1652	nieurodzaj	5
1653	niewiernym	5
1654	niekończąca	5
1655	nieprzytomny	5
1656	nieskończoną	5
1657	niedopracowane	5
1658	nieśmiertelnej	5
1659	niedowidzaca	5
1660	niezrozumieniu	5
1661	nienawidzony	5
1662	bezpańskiego	5
1663	niedźwiedzie	5
1664	niedrogą	5
1665	nienaturalne	5
1666	nieagresji	5
1667	niedouczonym	5
1668	nieustalonych	5
1669	nieznajomosc	5
1670	nieszczerze	5
1671	nieszczepieni	5
1672	nieprzygotowanie	5
1673	niezapewnienie	5
1674	bezrefleksyjnemu	5
1675	nieskutecznie	5
1676	nieoficjalnym	5
1677	nieistotnych	5
1678	bezpiecze	5
1679	nieopodal	5
1680	niewlasciwe	5
1681	niewiarygodnie	5
1682	niemozliwy	5
1683	niesa	5
1684	bezwład	5
1685	nieszawce	5
1686	nieprzestrzeganie	5
1687	nietrzeźwy	5
1688	niestosowny	5
1689	nieuniknionego	5
1690	nieuczesane	5
1691	niepełnosprawnoś	5
1692	niezalezna	5
1693	niewiary	5
1694	niemenczynie	5
1695	nietypowo	5
1696	niegubatara	5
1697	nielota	5
1698	nietolerancyjny	5
1699	niepewnosci	5
1700	nieszczęsnej	5
1701	nietrafioną	5
1702	nietuzinkowy	5
1703	niewyobrażalna	5
1704	nieudolność	5
1705	niewygodnej	5
1706	niepozorna	5
1707	bezr	5
1708	bezwzględna	5
1709	bezbłędny	5
1710	niewolnikami	5
1711	nietuzinkowe	5
1712	niekompetentnego	5
1713	nieblina	5
1714	bezmyślni	5
1715	niegroźną	5
1716	niepokorna	5
1717	niepraktyczne	5
1718	niewielkiego	5
1719	niekorzystna	5
1720	niemiło	5
1721	niezorientowany	5
1722	niebanalnej	5
1723	bezpieczenstwie	5
1724	nieregularne	5
1725	nieodpowiedniego	5
1726	bezczelnosc	5
1727	niemny	5
1728	niesiony	5
1729	nieziemskim	5
1730	nieoczywistych	5
1731	niepełnosprytnych	5
1732	niebiescy	5
1733	bezrefleksyjny	5
1734	beznadziejnych	5
1735	bezzębny	5
1736	niepowodzenia	5
1737	nieud	5
1738	nieznośne	5
1739	bezczelnym	5
1740	bezkrytycznie	5
1741	nieskonczenie	5
1742	niepełnosprawnośc	5
1743	niehetero	5
1744	nieśmiertelność	5
1745	nieprzetar	5
1746	nienaiwdxe	5
1747	niezapowiedzianą	5
1748	niemiecko	5
1749	nieopisane	5
1750	niegospodarności	5
1751	niewolnika	5
1752	nieletnia	5
1753	nieeeeeeeee	5
1754	nienawidzenie	5
1755	bezproblemowy	5
1756	niezapowiedziana	5
1757	niewinną	5
1758	niewi	5
1759	niedościgniony	5
1760	niedoszłej	5
1761	nieboraczek	5
1762	niepostrzeżenie	5
1763	niewiadomych	5
1764	niepłnosprawnych	5
1765	niestabilnych	5
1766	nieletni	5
1767	niewypałem	5
1768	beznadziejność	5
1769	nieobytych	5
1770	niesiesz	4
1771	niewystarczająca	4
1772	nieobliczalne	4
1773	niewłaściwej	4
1774	nieprzytomną	4
1775	niezmienialne	4
1776	niepodobne	4
1777	bezinteresowny	4
1778	nierejestrowej	4
1779	bezpiec	4
1780	nielatwy	4
1781	niepubliczne	4
1782	niezmier	4
1783	niedźwieckiego	4
1784	niewidocznym	4
1785	niepotrz	4
1786	bezwzględnego	4
1787	nienawidzieć	4
1788	niemałą	4
1789	nieczytelne	4
1790	niezbędnik	4
1791	bezglutenowe	4
1792	nieeech	4
1793	niecierpliwoscia	4
1794	niedoinformowana	4
1795	bezuzyteczny	4
1796	niepodległośc	4
1797	niesioł	4
1798	niezwyciężony	4
1799	bezludną	4
1800	nieograniczona	4
1801	bezpraw	4
1802	niedoświadczonemu	4
1803	niezgodności	4
1804	niezle-jeszcze	4
1805	nieżyjącymi	4
1806	niewyżyty	4
1807	niewyżyte	4
1808	niebieszczanska	4
1809	niepomyślne	4
1810	nieinwazyjnie	4
1811	niedzwiedzi	4
1812	niekon	4
1813	niezwracającym	4
1814	niemożliwie	4
1815	niektór	4
1816	nieprzyjazna	4
1817	niezmordowany	4
1818	niewyjaśni	4
1819	bezcelowa	4
1820	niezdobyta	4
1821	niewygoda	4
1822	bezkonkurencyjnie	4
1823	niefortunnie	4
1824	bezposrednia	4
1825	niedzielnych	4
1826	beznadziejnosc	4
1827	beznadzieję	4
1828	niezrozumiałości	4
1829	nieswiadom	4
1830	niewdzięczników	4
1831	niepopularna	4
1832	niekradzione	4
1833	niemc	4
1834	niestały	4
1835	nieprzychylne	4
1836	niezreczna	4
1837	niechorza	4
1838	nieudanym	4
1839	nieprawdopodobnej	4
1840	bezramkowy	4
1841	nieporozumien	4
1842	niewykorzystana	4
1843	niedostepna	4
1844	niemiecko-rosyjska	4
1845	bezspadk	4
1846	nieszczepionych	4
1847	niepowazny	4
1848	nieautoryzowane	4
1849	nieoficjalna	4
1850	nieograniczonej	4
1851	nieogolony	4
1852	niecierpliwości	4
1853	nieźli	4
1854	nielogiczny	4
1855	bezduszni	4
1856	bezduszne	4
1857	nieubezpieczony	4
1858	nieistniejacym	4
1859	nieznajomymi	4
1860	bezinja	4
1861	niedowartościowani	4
1862	nieuleczalnie	4
1863	niedersachsen	4
1864	niezabierać	4
1865	bezideowy	4
1866	niereformowalny	4
1867	niezdolna	4
1868	nieprawidłowa	4
1869	nieuważnie	4
1870	nieno	4
1871	niedomówienia	4
1872	nieprofesjonalnego	4
1873	bezpieczniejszą	4
1874	niełatwe	4
1875	niepiśmienny	4
1876	bezstronny	4
1877	niedziółka	4
1878	bezwied	4
1879	niepoucza	4
1880	nienawistnych	4
1881	niezręcznych	4
1882	nierentownych	4
1883	nierup	4
1884	niezawodność	4
1885	bezjajeczna	4
1886	nieczułość	4
1887	niedofinansowania	4
1888	nie-żyd	4
1889	bezbronnym	4
1890	niedojebanie	4
1891	niedosłownie	4
1892	niektóry	4
1893	niekomfortowa	4
1894	nieprawdziwi	4
1895	nieudzielenie	4
1896	nieprzewidywalne	4
1897	nieczula	4
1898	niestraszna	4
1899	nieudokumentowanych	4
1900	nieprzytomne	4
1901	nieprzytomni	4
1902	nieistniejący	4
1903	nieistniejące	4
1904	niegłup	4
1905	nieszczerzy	4
1906	niełasce	4
1907	niedawnym	4
1908	nienienienienienienienienienienie	4
1909	niezdecydowa	4
1910	nieodpowiedzialni	4
1911	niekompetentny	4
1912	nieudolnego	4
1913	niespokojny	4
1914	niehandlową	4
1915	niewolno	4
1916	nieho	4
1917	niedopilnowanie	4
1918	nieszkodliwych	4
1919	niedzi	4
1920	nieetycznego	4
1921	bezideowe	4
1922	niewpisaną	4
1923	niesmiesny	4
1924	nieszablonowo	4
1925	nierównością	4
1926	nieuznanie	4
1927	nieaktywnym	4
1928	nietrzeźwych	4
1929	niezrównoważonego	4
1930	nieprzygotowania	4
1931	niezaleganiu	4
1932	niegosp	4
1933	bezmózgowie	4
1934	niemoralna	4
1935	niemoralne	4
1936	niedoliczyć	4
1937	nieżywy	4
1938	niepowtarzalna	4
1939	bezdzietny	4
1940	bezrozumne	4
1941	nieustraszeni	4
1942	niebotycznych	4
1943	niegrzeczną	4
1944	niekonstytucyjny	4
1945	niedowierzania	4
1946	niezadowolonyc	4
1947	niezrównoważona	4
1948	niedostępnego	4
1949	nieczysty	4
1950	niewoln	4
1951	niezbite	4
1952	nieogarem	4
1953	nieporadni	4
1954	nieistotna	4
1955	beznadzienne	4
1956	niemożność	4
1957	niedożywienie	4
1958	niezalezne	4
1959	nieślubne	4
1960	nieśmiałością	4
1961	nierdzewna	4
1962	nieporadnie	4
1963	niepidległości	4
1964	niedoceniania	4
1965	nieporadny	4
1966	niepodzielnie	4
1967	bezjakowi	4
1968	nieskazitelnej	4
1969	nieprzekonany	4
1970	niegooooooo	4
1971	niekandydowaniu	4
1972	bezdyskusyjne	4
1973	nieujawnionych	4
1974	bezplatny	4
1975	niespodziewankę	4
1976	niezyt	4
1977	niepelnospr	4
1978	niewskazane	4
1979	niezbędnych	4
1980	niedzwiedzia	4
1981	nieładzie	4
1982	bezpiecznstwa	4
1983	niepłacący	4
1984	niewyjaśniona	4
1985	niefor	4
1986	bezwolne	4
1987	bezmyślna	4
1988	bezglutenowy	4
1989	niechlujny	4
1990	niechlujne	4
1991	niedaa	4
1992	nieświadomy	4
1993	nieinteligentni	4
1994	nieodmiennie	4
1995	nieświadoma	4
1996	bezprawnym	4
1997	nienazarte	4
1998	niepodległo	4
1999	nieoczekiwana	4
2000	niedojrzala	4
2001	nieprzypadkowy	4
2002	nienieieieieineneneoeeeeeee	4
2003	niegłupio	4
2004	bezboleśnie	4
2005	niemłody	4
2006	nieogolone	4
2007	niedozwolone	4
2008	niewłaściwego	4
2009	niepotrafiących	4
2010	bezdzietnych	4
2011	nietrwałe	4
2012	bezstronność	4
2013	niepoznaki	4
2014	nieumiejętność	4
2015	nieprzynoszący	4
2016	nieobecnym	4
2017	niespelnionym	4
2018	niektó	4
2019	bezruchu	4
2020	nieznośna	4
2021	nieaktywne	4
2022	nieszkodliwe	4
2023	nietykalnych	4
2024	nieznająca	4
2025	niemcowi	4
2026	nieudanca	4
2027	nieskonczoności	4
2028	niemowlaczkiem	4
2029	niechxach	4
2030	bezpieczniejszych	4
2031	nietrwałego	4
2032	niepełnosprawnści	4
2033	niepolskie	4
2034	niepolskim	4
2035	nienieckiej	4
2036	niespójność	4
2037	niezgodnych	4
2038	nieśmiertelnym	4
2039	niedoczynnosc	4
2040	niezastąpionych	4
2041	nieparzyste	4
2042	bezczeszczenie	4
2043	bezwartosciowy	4
2044	nie-syryjczyków	4
2045	nieoznakowanej	4
2046	beznadziejnymi	4
2047	bezcennych	4
2048	nierozwiązana	4
2049	niełaskę	4
2050	nieuchronność	4
2051	nieakceptowaniem	4
2052	nieszkodliwa	4
2053	bezsensownego	4
2054	niezliczonych	4
2055	niesmieszne	4
2056	niedźwiadki	4
2057	niewidzialnego	4
2058	niemoge	4
2059	bezkofeinowej	4
2060	niezrozumialych	4
2061	bezobrazno	4
2062	niezastanawia	4
2063	niebieskookich	4
2064	nienawidziłem	4
2065	bezzapachowe	4
2066	nielezenia	4
2067	niewydolnością	4
2068	niewyobrażalnego	4
2069	bezkręgowców	4
2070	nierealni	4
2071	niewytatuowanych	4
2072	niezbanowanych	3
2073	nieszpetna	3
2074	niebieskooka	3
2075	nierucjomości	3
2076	niejadalną	3
2077	nietolerancje	3
2078	niemczyk	3
2079	bezz	3
2080	nieprawdziwych	3
2081	nieswojego	3
2082	bezkompromisowo	3
2083	niegodn	3
2084	bezka	3
2085	bezprzewodowego	3
2086	niedziękuję	3
2087	nieprawdaz	3
2088	bezkarnyc	3
2089	niespodziewalam	3
2090	nieplanowanego	3
2091	niepoważną	3
2092	nieukowi	3
2093	niewyspalam	3
2094	nietykalnosci	3
2095	bezlitosnie	3
2096	nieuzasadnion	3
2097	niemareczek	3
2098	niedogodności	3
2099	nieznajomy	3
2100	bezzasadny	3
2101	niezgodzie	3
2102	niedosc	3
2103	niedojrzaly	3
2104	nieprzeczytany	3
2105	niedoszli	3
2106	bezrozumie	3
2107	bezbieki	3
2108	niekonstytucyjność	3
2109	nieprzyjemnych	3
2110	beztroskiej	3
2111	nieprzytomnie	3
2112	niespełniony	3
2113	nieżyczliwe	3
2114	niefrasobliwa	3
2115	niemiachom	3
2116	niedostępnej	3
2117	niewybieleni	3
2118	bezinteresowność	3
2119	niedouki	3
2120	nieroba	3
2121	niezdecydowanych	3
2122	niepoprawny	3
2123	niepodległośći	3
2124	nieefektywnie	3
2125	niezrzeszo	3
2126	nieidealna	3
2127	bezprzewodową	3
2128	niewartym	3
2129	nieadekwatna	3
2130	nieodżałowany	3
2131	niemiały	3
2132	niewła	3
2133	niewywiązywanie	3
2134	nieprzejezdne	3
2135	niełuku	3
2136	niezmąc	3
2137	niemen-czy	3
2138	niedoinwestowanie	3
2139	niebytowi	3
2140	bezmyślności	3
2141	niedostrzegajac	3
2142	nielubianych	3
2143	niewidzialne	3
2144	niepotrzeb	3
2145	niekulturalnie	3
2146	nieskalany	3
2147	niewyedukowana	3
2148	nienajedzona	3
2149	nieskalana	3
2150	niedoszłą	3
2151	nieladnie	3
2152	nietypowego	3
2153	niewymiennym	3
2154	niepisaną	3
2155	nieregularny	3
2156	niebezpieczeństwem	3
2157	niebrzydka	3
2158	niewegańskie	3
2159	niedość	3
2160	bezzasadne	3
2161	bezwzględność	3
2162	niepodważalnego	3
2163	niedziwne	3
2164	bezinteresown	3
2165	niezastąpionego	3
2166	niewyprostowanych	3
2167	nienawidzr	3
2168	niezgod	3
2169	niemaly	3
2170	niesmacznej	3
2171	niedroga	3
2172	niezręcz	3
2173	nieomylność	3
2174	nietrzeźwe	3
2175	nieuleczalną	3
2176	nierentowna	3
2177	bezkompromisowym	3
2178	nieistniejesz	3
2179	niewiarygodni	3
2180	bezpisredni	3
2181	niekumaka	3
2182	niestrzelonym	3
2183	niepamiętnych	3
2184	niezwiązane	3
2185	niezauważona	3
2186	bezbledny	3
2187	niesportowe	3
2188	bezmózga	3
2189	niepodzielnego	3
2190	nieudacznikowki	3
2191	bezpła	3
2192	niedojrzałość	3
2193	nietęgą	3
2194	nieodpowiedzialnosci	3
2195	niesamocie	3
2196	nieautoryzowanych	3
2197	nieskończonej	3
2198	bezpanska	3
2199	nieuleczalny	3
2200	niebyt-ci	3
2201	niegroźn	3
2202	bezczynnego	3
2203	nieoficjalną	3
2204	nieprzerwanego	3
2205	niezbitych	3
2206	niemiętka	3
2207	nieścisłości	3
2208	niespodziany	3
2209	nieaktualnym	3
2210	nieposądzili	3
2211	nieprzewidziane	3
2212	niepalski	3
2213	niesz	3
2214	niewyrobionym	3
2215	nieporównywalnie	3
2216	niedorozwojami	3
2217	niepełne	3
2218	niewdzięczni	3
2219	nierychliwa	3
2220	bezposredni	3
2221	nieprzespane	3
2222	nieswoje	3
2223	nielecące	3
2224	bezpieczeństw	3
2225	bezpretensjonalnej	3
2226	niezapisany	3
2227	niewerbal	3
2228	niedżwiedzie	3
2229	niezrozumiałą	3
2230	bezwładnie	3
2231	nieśmiesze	3
2232	nierejestrowana	3
2233	bezmyślnej	3
2234	nieuczciwej	3
2235	bezstresowo	3
2236	niedowartościowany	3
2237	niezdiagnozowaną	3
2238	bezwolnie	3
2239	bezczynnie	3
2240	nieodebrane	3
2241	nieodłącznym	3
2242	niedokonca	3
2243	niezdolny	3
2244	niekumatych	3
2245	bezrozumny	3
2246	nienormalnym	3
2247	bezplodnosci	3
2248	nieprawidłowo	3
2249	nieuczciwa	3
2250	niedźwiedziej	3
2251	niedorozwinięte	3
2252	nieoczekiwanych	3
2253	niepodobamisieto	3
2254	nieceeee	3
2255	niełatwy	3
2256	bezwzględnym	3
2257	niełatwa	3
2258	niestworzone	3
2259	nieczęsto	3
2260	niekoniec	3
2261	bezstronna	3
2262	nielatający	3
2263	bezkompro	3
2264	niegrzecznik	3
2265	niezwykly	3
2266	nieobliczalna	3
2267	niemoralnych	3
2268	nieodzywania	3
2269	niedosłuch	3
2270	nienmoglas	3
2271	niewyspane	3
2272	bezpomnikowa	3
2273	bezdziedziczne	3
2274	nieprawdziwym	3
2275	bezwstydnà	3
2276	nie-winny	3
2277	bezsensownie	3
2278	nieobeznana	3
2279	bezchmurnego	3
2280	nierucho	3
2281	niemrawe	3
2282	niepolitycznie	3
2283	bezpośredn	3
2284	bezwstydny	3
2285	bezpestkowego	3
2286	bezhołowie	3
2287	bezkarn	3
2288	nienarodzone	3
2289	niebedzie	3
2290	niepołomice	3
2291	niewidocznego	3
2292	niedobity	3
2293	bezpańskich	3
2294	niewiadom	3
2295	nienawidząc	3
2296	bezdpisrdnie	3
2297	niedożywieniem	3
2298	niezasłonięta	3
2299	bezwzgledna	3
2300	niestabilny	3
2301	niejedzeniem	3
2302	niechlujnych	3
2303	niepełnosprytną	3
2304	bezczynnym	3
2305	niewyspani	3
2306	nieogarnieta	3
2307	niepełnosprawnch	3
2308	niewdzięcznym	3
2309	nieszczalnik	3
2310	nierozumiejący	3
2311	bezsilnym	3
2312	nienormalnie	3
2313	niekończaca	3
2314	bezrobotny	3
2315	nieulozone	3
2316	nieuważny	3
2317	niewypowiedzian	3
2318	niedawny	3
2319	nieinteresujacy	3
2320	niemądrego	3
2321	niedomycie	3
2322	nieekonomiczne	3
2323	niedług	3
2324	nieha	3
2325	nienieniesadbhvfujd	3
2326	niewolni	3
2327	bezrozumnym	3
2328	beznadzie	3
2329	niecny	3
2330	niecne	3
2331	niestete	3
2332	bezpłciowa	3
2333	niepowrotnie	3
2334	bezpłciowe	3
2335	nienaturalnie	3
2336	nieeezle	3
2337	bezpłciowy	3
2338	niezaostrzonymi	3
2339	bezwarunkowe	3
2340	nieutulona	3
2341	nieszablonowy	3
2342	nieutulony	3
2343	niezniszczalnego	3
2344	nierealna	3
2345	bezdrożach	3
2346	nieoczekiwanie	3
2347	niezgodni	3
2348	niezadbanych	3
2349	bezceremonialnie	3
2350	niebmoge	3
2351	nieemeryci	3
2352	nieznajac	3
2353	niemerytoryczna	3
2354	nierzetelnego	3
2355	niezamawiane	3
2356	nieznaczną	3
2357	niefilmującą	3
2358	niepodległych	3
2359	bezkarnosc	3
2360	nierobom	3
2361	bezzwłocznie	3
2362	nienajgorszy	3
2363	niewyparzony	3
2364	nierównomiernie	3
2365	nieprzymuszonej	3
2366	niepraktycznie	3
2367	niewdzięczne	3
2368	niesprawni	3
2369	nieżywe	3
2370	bezinter	3
2371	bezogródek	3
2372	niekończącej	3
2373	niepojete	3
2374	niewlasciwa	3
2375	niewystarczająco	3
2376	nieustanie	3
2377	niepochodzącą	3
2378	niezainteresowany	3
2379	niefortunna	3
2380	niesłychany	3
2381	niechodzeniu	3
2382	niezwyczajowo	3
2383	niekompetentnej	3
2384	nieuch	3
2385	niepodpuszczanie	3
2386	nieposłuszne	3
2387	niekonstytucyjne	3
2388	nietolerancyjnych	3
2389	nieporównywalny	3
2390	niedopełnienie	3
2391	niegospodarnego	3
2392	nieokołowęgierskich	3
2393	nieklasyfikuja	3
2394	niemowlakiem	3
2395	nietrzeźwa	3
2396	niestosowna	3
2397	nieusprawiedliwionych	3
2398	niepodobny	3
2399	nieostre	3
2400	nieustanne	3
2401	niepelnosprawnosciami	3
2402	niezawodnej	3
2403	nieprz	3
2404	nieunikniona	3
2405	niepewnych	3
2406	bezplanu	3
2407	bezwstyd	3
2408	niewłaściwym	3
2409	nienawidzili	3
2410	niewywiązanie	3
2411	niemądry	3
2412	bezalkoholowych	3
2413	nieformalną	3
2414	niezawisle	3
2415	niezalezny	3
2416	nienawiśi	3
2417	nieśmiesznym	3
2418	niekompatybilna	3
2419	niedojrzałości	3
2420	niedouk	3
2421	niespodziewanej	3
2422	niecha	3
2423	bezmiłość	3
2424	niedl	3
2425	nieprzychylnych	3
2426	niezdany	3
2427	niecierpilowością	3
2428	bezproblemowo	3
2429	niesiola	3
2430	nieużywanej	3
2431	niepublicznej	3
2432	niespotykana	3
2433	niezaakceptowano	3
2434	niego-chód	3
2435	niedorajdy	3
2436	niegdy	3
2437	niezakeznego	3
2438	nieistniejąca	3
2439	niewychowani	3
2440	niemrawej	3
2441	bezsenna	3
2442	nienawistny	3
2443	nieeego	3
2444	nieszczęsna	3
2445	bezdyskusyjna	3
2446	niedyskutowania	3
2447	nieomylnosc	3
2448	niekojarzących	3
2449	nielegalnej	3
2450	nieeoficjalnie	3
2451	bezeskalacyjnie	3
2452	beznadziejnosci	3
2453	niekonwenjonalnych	3
2454	niepewna	3
2455	niedoczekasz	3
2456	niedowagę	3
2457	niewyobrażalnym	3
2458	niedobrym	3
2459	bezczelnością	3
2460	nieuchyloną	3
2461	nieodpowiedzualnoś	3
2462	nieskonczonosc	3
2463	bezel	3
2464	nieskrywany	3
2465	niesamow	3
2466	niełaskawa	3
2467	niekturzy	3
2468	nienp4zesqdzajmy	3
2469	niedoskonałość	3
2470	niedow	3
2471	niewdzięcznej	3
2472	niewinnosc	3
2473	niezmienionym	3
2474	nieangażowanie	3
2475	nieszczęśniku	3
2476	nieiec	3
2477	bezakcyzowy	3
2478	nieżle	3
2479	nienawidzze	3
2480	niezdradziecki	3
2481	niedowiarek	3
2482	niepowazni	3
2483	niezorganizowany	3
2484	niedyspozycję	3
2485	niedemokratyczne	3
2486	bezramkowość	3
2487	nieszczeniu	3
2488	bezłapek	3
2489	niezabezpieczone	3
2490	nieluleczalnych	3
2491	nieopłacalne	3
2492	niefart	3
2493	nieznośnie	3
2494	niechrześcijańskie	3
2495	nieba---prezesura---cherubini	3
2496	niespokojnych	3
2497	niesiona	3
2498	niewiążąca	3
2499	bezsen	3
2500	bezpiece	3
2501	bezlitosną	3
2502	niekto	3
2503	niepracującego	3
2504	niekontrolowany	3
2505	niepisana	3
2506	niedoszaco	3
2507	bezprecedensowymi	3
2508	niedużym	3
2509	nienieieieieineneneoeeeeeeeeee	3
2510	beztroski	3
2511	nieralnym	3
2512	nierownolegle	3
2513	niespodzia	3
2514	niesam	3
2515	niekomfortowexxdddd	3
2516	nieobecna	3
2517	nienauczylam	3
2518	niewyleczonych	3
2519	niemierzalna	3
2520	niebolacego	3
2521	niewypłacalnego	3
2522	niedocenianie	3
2523	nieeeel	3
2524	nieuprzejmy	3
2525	niezrownowazona	3
2526	niemam	3
2527	niektozi	3
2528	niepłnosprawne	3
2529	beztroskę	3
2530	nieszczęś	3
2531	nieodpowiedzialnie	3
2532	niezabitowska	3
2533	bezmózgiem	3
2534	niedoczynność	3
2535	nie-celebryta	3
2536	bezpotrzebnie	3
2537	bezradnych	3
2538	nielog	3
2539	nieumalowana	3
2540	niepalący	3
2541	nieskomplikowane	3
2542	niestraszne	3
2543	niezasłużona	3
2544	niewyk	3
2545	niedlugie	3
2546	nieh	3
2547	niedopowiedzian	3
2548	nieuzbrojonego	3
2549	niepodoba	3
2550	niezatapialny	3
2551	niezatapialna	3
2552	niejasności	3
2553	niegdysiejsza	3
2554	niećpa	3
2555	niedofinansowane	3
2556	nieprzyj	3
2557	niesienia	3
2558	bezbek	3
2559	niekórzy	3
2560	bezdziedzicznych	3
2561	niewycałowania	3
2562	niekrystalicznosci	3
2563	niesamodzie	3
2564	niepoczytalność	3
2565	niemiecko-rosyjskie	3
2566	niepokalanej	3
2567	niepołomicach	3
2568	niecaly	3
2569	niesluchalam	3
2570	nieogar	3
2571	bezpieką	3
2572	nielubi	3
2573	bezbronny	3
2574	nieukonczone	3
2575	niezgodnej	3
2576	niezastąpienia	3
2577	niepocieszony	3
2578	nietrafne	3
2579	nieeeeeeeeeeee	3
2580	niecywilizowane	3
2581	nienaganne	3
2582	bezjajecznych	3
2583	niewyobrazalne	3
2584	nieomylności	3
2585	niewierzącym	3
2586	nieobiektywna	3
2587	nieuczciwości	3
2588	niepow	3
2589	niektóremu	3
2590	niezblazowany	3
2591	bezuchu	3
2592	nieruchomo	3
2593	niezmienni	3
2594	niezaleznosc	3
2595	niezdarą	3
2596	nienormalnosc	3
2597	niebos	3
2598	beztalenciem	3
2599	bezpłodni	3
2600	niedoszacowany	3
2601	nieeurowizyjna	3
2602	niepodleglosc-sfotografowana-quot-60477439	3
2603	nieszczerymi	3
2604	niechętnego	3
2605	nierozważnośc	3
2606	niedowalona	3
2607	nieuprasowana	2
2608	niezrozumiala	2
2609	niea	2
2610	nierozpoznanego	2
2611	niepoczytalnosc	2
2612	niespoilowanie	2
2613	niefotogeniczny	2
2614	nieposkromionym	2
2615	bezwstydnik	2
2616	niecnego	2
2617	niepolda	2
2618	niepoważna	2
2619	nietrzymaniu	2
2620	nieist	2
2621	bezbarwnym	2
2622	niebiański	2
2623	nieczytający	2
2624	niepoważny	2
2625	nienawidzaxd	2
2626	niemiecmie	2
2627	nieublagalnie	2
2628	niezdanym	2
2629	niedobr	2
2630	nie-szukać	2
2631	niezamozne	2
2632	niezgodnymi	2
2633	nienienienie	2
2634	niemiecko-ruską	2
2635	bezdennego	2
2636	niewierną	2
2637	niegotowi	2
2638	nierozpoznana	2
2639	bezprzedmiotowa	2
2640	niezabitowską	2
2641	niedrożnością	2
2642	nieskładanie	2
2643	nienależnie	2
2644	bezgłośne	2
2645	niewłaśc	2
2646	niedopowiedzeń	2
2647	bezgłośnie	2
2648	bezbarwnego	2
2649	nietoleracja	2
2650	nieprzyzwoitej	2
2651	nienapastliwa	2
2652	nieposkromione	2
2653	nieidealnych	2
2654	niekwestionowanym	2
2655	nierozpoznawalny	2
2656	niezapowiedzianego	2
2657	niedogadana	2
2658	nieskora	2
2659	nielojalność	2
2660	niedokończona	2
2661	niewyedukowanej	2
2662	bezczelno	2
2663	nierzeczywistych	2
2664	niemowa	2
2665	bezpestkowe	2
2666	nieporadna	2
2667	nieurocholia	2
2668	niekorzystnych	2
2669	niestandardowych	2
2670	nienewtonowską	2
2671	niestabilnie	2
2672	niezdobyci	2
2673	nieodprzeczyta	2
2674	nieszczęsne	2
2675	nieni	2
2676	nienawidziły	2
2677	niedorozwiniety	2
2678	nieprzeczytana	2
2679	niepokonanym	2
2680	nieprzeczytane	2
2681	niesprzyjające	2
2682	niewyjściowa	2
2683	nieeeeeeeeeeeeeee	2
2684	bezkompromisową	2
2685	niedokł	2
2686	niepubliczny	2
2687	nietolerancja	2
2688	nieskazitelnego	2
2689	niezaprzecze	2
2690	nienażartych	2
2691	nienaruszony	2
2692	nienawidził	2
2693	nieteresecko	2
2694	niezdrowych	2
2695	niespłacony	2
2696	nieuprzejmym	2
2697	niejxddd	2
2698	nieuczciwych	2
2699	niedoskonałościami	2
2700	niedociągnięcia	2
2701	niezrecznej	2
2702	nieprzyzwoitego	2
2703	niebwiem	2
2704	niejawna	2
2705	niegodziwców	2
2706	nieoczekiwanej	2
2707	nieżyczliwi	2
2708	niesprzedawalna	2
2709	niekomunistyczna	2
2710	niewszechp	2
2711	niewierni	2
2712	niestachoskiej	2
2713	niewyjasnione	2
2714	niezgdną	2
2715	nieostatecznie	2
2716	niepełnospryt	2
2717	bezmiesnego	2
2718	nieobca	2
2719	bezprawnymi	2
2720	niezwyk	2
2721	niesłuchających	2
2722	nieugiętość	2
2723	nie-pisowców	2
2724	nieupartyjniona	2
2725	niewydrukowanej	2
2726	nieskomplikowany	2
2727	beznadzieją	2
2728	nieporadniki	2
2729	niedouka	2
2730	bezlitosnej	2
2731	bezstronnie	2
2732	bezluster	2
2733	bezzwrotnie	2
2734	niesiołowskim	2
2735	niemałego	2
2736	niemozliwoscia	2
2737	niewymienionych	2
2738	nieporównanie	2
2739	niepomyślny	2
2740	nieozn	2
2741	nieużytki	2
2742	niestandardowo	2
2743	nieeeeeeeeeeeeeeeeeeeeeeeeeeeeeee	2
2744	nieodmiennym	2
2745	niedelikatnie	2
2746	nieodmienny	2
2747	niezłym	2
2748	nieodpowiedzial	2
2749	niedoskonałej	2
2750	nieuzytkach	2
2751	niestrachliwy	2
2752	niezdradzieckich	2
2753	nieodległej	2
2754	nieczytelna	2
2755	nieudokumentowane	2
2756	bezprzewodowym	2
2757	niedorozwiniętym	2
2758	nieprzeskakiwalne	2
2759	niedożywiony	2
2760	niecie	2
2761	nierozczesanych	2
2762	niepokolei	2
2763	nieprodukowany	2
2764	niepokojace	2
2765	nieumyślne	2
2766	niepelnosprawnymi	2
2767	niesądze	2
2768	nie-za	2
2769	niedotyczące	2
2770	bezkręgowca	2
2771	niedasie	2
2772	niejawnie	2
2773	niemiecko-żydowskich	2
2774	niemkach	2
2775	niepewnoś	2
2776	nienawidzącą	2
2777	niekumaci	2
2778	bezbarwna	2
2779	niewyregulowane	2
2780	nieszczerych	2
2781	niepisany	2
2782	niemea	2
2783	nieukom	2
2784	niezasadno	2
2785	nieskoń	2
2786	niezale	2
2787	niezamierzona	2
2788	niechlujstwa	2
2789	nierpe	2
2790	niezniszczalną	2
2791	nieokazala	2
2792	niestaty	2
2793	niemogła	2
2794	nieskuteczne	2
2795	nielson	2
2796	niedociągnięciale	2
2797	niesłysząca	2
2798	bezbolesnej	2
2799	niedojebem	2
2800	bezcześcił	2
2801	nieskalane	2
2802	niewykorzystanej	2
2803	nienaruszo	2
2804	niepelnoletnia	2
2805	niepostrzeże	2
2806	bezkonkur	2
2807	niepodpisany	2
2808	niedoborów	2
2809	nienpoprawialm	2
2810	niepodważalny	2
2811	niepoinformowalam	2
2812	niepodważalne	2
2813	niezdam	2
2814	nieogarow	2
2815	niebrzydko	2
2816	niebywaly	2
2817	nieroz	2
2818	nieruchliwej	2
2819	niespac	2
2820	niekazdy	2
2821	niezrozumiałym	2
2822	niepierwszy	2
2823	niemką	2
2824	niewierząca	2
2825	niepowt	2
2826	niesmialosc	2
2827	niedojebane	2
2828	niere	2
2829	nierc	2
2830	niezapowiedziina	2
2831	niesmialo	2
2832	nieteskliwy	2
2833	niemcewicza	2
2834	niezaangażowani	2
2835	nieopuszczanie	2
2836	bezpłodny	2
2837	niewykorzystał	2
2838	niedocenialiśmy	2
2839	niewydolnoś	2
2840	nieporó	2
2841	bezimienne	2
2842	niezniszczalne	2
2843	nieubrana	2
2844	nieświ	2
2845	niexdd	2
2846	niezniszczalny	2
2847	bezplatnie	2
2848	niegoxd	2
2849	bezzzz	2
2850	niepokojącego	2
2851	nierdz	2
2852	nieprzydatnych	2
2853	nieudancow	2
2854	niemals	2
2855	bezpieczeńs	2
2856	niewygodną	2
2857	niedokończonych	2
2858	nieszczęśliwi	2
2859	nieładne	2
2860	nieżyjący	2
2861	niespełnianiem	2
2862	niewymiar	2
2863	niespójnie	2
2864	niewinnemu	2
2865	niewiedzę	2
2866	beznzyna	2
2867	niesamotne	2
2868	niewgryzanie	2
2869	niezadługo	2
2870	nieszczęsliwej	2
2871	niezreczny	2
2872	niedostępną	2
2873	niestrawność	2
2874	niezapłacone	2
2875	bezposrednim	2
2876	bezposrednic	2
2877	niemocą	2
2878	nieprawidłowosci	2
2879	nierozga	2
2880	niechyb	2
2881	niedojrzałą	2
2882	nieodległych	2
2883	niegłosowanie	2
2884	niemcy-rosja	2
2885	bezwypadkowej	2
2886	niemożli	2
2887	niepiśmiennych	2
2888	bezzwrotnej	2
2889	nierozumiesz	2
2890	niewychowanymi	2
2891	bezterminowe	2
2892	niemajsterz	2
2893	niedomówienie	2
2894	niecceee	2
2895	niechcianego	2
2896	niezmiernym	2
2897	niewytłumaczalne	2
2898	niestateczny	2
2899	nieprzyjście	2
2900	nieustępliwy	2
2901	nierozumi	2
2902	niekompetentnych	2
2903	nieprofesjonalny	2
2904	niedocenione	2
2905	niekoloryzowane	2
2906	niestresujący	2
2907	nieśmiesznych	2
2908	niedokładnym	2
2909	niewykształcony	2
2910	niekumacji	2
2911	nieprofesjonalnie	2
2912	nieusprawidliwionych	2
2913	niemających	2
2914	bezpanski	2
2915	niejadek	2
2916	niesmowity	2
2917	bezlu	2
2918	niedoszacow	2
2919	niechciałbym	2
2920	niechcąco	2
2921	niezrealizowanymi	2
2922	nieprzebadani	2
2923	niemanie	2
2924	niepomijalna	2
2925	nieprawdopodobną	2
2926	niemczyckim	2
2927	niedopuszcz	2
2928	bezprawność	2
2929	niekorz	2
2930	nieprzeciętnych	2
2931	niewidoczni	2
2932	nieludzką	2
2933	nieprzesycone	2
2934	nienaprawialne	2
2935	nienaruszalne	2
2936	niezdrow	2
2937	niewidki	2
2938	niedorzecznik	2
2939	niedocenionymi	2
2940	nieaktualnych	2
2941	bezpośrednimi	2
2942	niemuzykalny	2
2943	nieamerykański	2
2944	bezpieczniejszym	2
2945	niecierpliwościąąą	2
2946	niedorzecznie	2
2947	niepełny	2
2948	niegadanie	2
2949	nieeeeel	2
2950	niewybielone	2
2951	niesmaczna	2
2952	nieużywana	2
2953	niemaml	2
2954	bezlmysla	2
2955	niewiasty	2
2956	bezradnego	2
2957	niedozywiona	2
2958	niewaznexdddsssss	2
2959	niepublikowanych	2
2960	niepozowany	2
2961	niewykonywujących	2
2962	nieznaczny	2
2963	nierozumial	2
2964	niemogą	2
2965	niechronologiczne	2
2966	niezrównoważo	2
2967	niepelnym	2
2968	niedomaga	2
2969	bezspadkoweg	2
2970	bezspadkowymi	2
2971	niewrażliwi	2
2972	nieciekawiexd	2
2973	nieludzki	2
2974	niezwyczajny	2
2975	niedopowiedniego	2
2976	niesolidni	2
2977	niestamowite	2
2978	niespelnienie	2
2979	niewykluczony	2
2980	niedżwiedzia	2
2981	nieproduktywny	2
2982	nieprecyzyjny	2
2983	nieżywych	2
2984	niedorozwoja	2
2985	nieżwicki	2
2986	niepełną	2
2987	niezdolność	2
2988	bezguścia	2
2989	nierejestrowane	2
2990	niechcemisiespac	2
2991	bezmózgowców	2
2992	niewerba	2
2993	nieświadomością	2
2994	niekkkkkk	2
2995	niebezpieczniej	2
2996	bezmyślnym	2
2997	nietoperkach	2
2998	nietole	2
2999	niedowartościowane	2
3000	nietrud	2
3001	niewartościowy	2
3002	bezprzewodowy	2
3003	niestrawne	2
3004	nieuczciwe	2
3005	niestrawna	2
3006	niezadowo	2
3007	nielegalni	2
3008	nielegalno	2
3009	nieprawdy	2
3010	niebiesko-białe	2
3011	niechętnymi	2
3012	niezauwazonego	2
3013	nieodprowadzenia	2
3014	niedorozwinietego	2
3015	niezdolne	2
3016	niezapominajki	2
3017	niesławy	2
3018	niekorzyst	2
3019	nierekompensowaniu	2
3020	niena	2
3021	nieulec	2
3022	nieustraszonych	2
3023	nienwiadze	2
3024	niepłacących	2
3025	niedociśnienie	2
3026	niebyłym	2
3027	niepojęty	2
3028	niebu	2
3029	niegdys	2
3030	niezabyszewo	2
3031	niewidomego	2
3032	nietolerancyjnej	2
3033	niepalących	2
3034	bezstresową	2
3035	beznadziei	2
3036	bezowy	2
3037	niemożna	2
3038	nierozstrzyg	2
3039	bezstronni	2
3040	nieczystych	2
3041	niezwiazanych	2
3042	niezal	2
3043	niebezpieczenstwo	2
3044	niedorżniętej	2
3045	nieudacznictwem	2
3046	bezkrólewie	2
3047	bezcelowe	2
3048	niekonwencjonalnie	2
3049	niegościnni	2
3050	nieklimatycznie	2
3051	bezwarunkowemu	2
3052	niewysprzatana	2
3053	niesłych	2
3054	niereformowalną	2
3055	niedopuszczony	2
3056	niemiłość	2
3057	bezjajeczne	2
3058	niewidzialni	2
3059	nieciekawych	2
3060	niedoświadczona	2
3061	nieprzydatne	2
3062	nieświadome	2
3063	niepodjęciu	2
3064	niewątpliwa	2
3065	niewątpliwe	2
3066	nieutulonym	2
3067	nieznaczacy	2
3068	niekniek	2
3069	bezprawności	2
3070	nieslusznie	2
3071	nieporadną	2
3072	niekpoperzy	2
3073	bezblednym	2
3074	niepasujące	2
3075	bezsensie	2
3076	niedojrzałego	2
3077	niezmienione	2
3078	nielicznego	2
3079	nienada	2
3080	bezwizowe	2
3081	beztroskiego	2
3082	nieruc	2
3083	nieprzekonująco	2
3084	niezależych	2
3085	nieobliczalnej	2
3086	nieor	2
3087	bezstacyjne	2
3088	nieboszczka	2
3089	nieludzkiej	2
3090	nieinni	2
3091	niemieckm	2
3092	niedokręciła	2
3093	bezsiln	2
3094	niedozwolonymi	2
3095	niecelnie	2
3096	nieciem	2
3097	nieprzyslaniaja	2
3098	nienarodzony	2
3099	bezbolesny	2
3100	nieoficja	2
3101	nienażarta	2
3102	bezpie	2
3103	niekoloryzowana	2
3104	niebanalny	2
3105	nieudolnej	2
3106	bezzałogowy	2
3107	bezokoliczniki	2
3108	niesposluszna-_	2
3109	nieudaczne	2
3110	niewłaściwości	2
3111	niestrudzony	2
3112	nieznajomośc	2
3113	niezlomny	2
3114	niekompetencję	2
3115	niewątpliwą	2
3116	niewinnosci	2
3117	niepociesz	2
3118	niedisc	2
3119	niejęzykowy	2
3120	nieopodatkowana	2
3121	nieparzystej	2
3122	niewinnością	2
3123	niecierpię	2
3124	niedojd	2
3125	niedoje	2
3126	niebiesko-zolto-czerwoni	2
3127	nieczuli	2
3128	bezdomnośc	2
3129	nieudomowiona	2
3130	niepożądany	2
3131	niedersulz	2
3132	nieskończonych	2
3133	nieodbilo	2
3134	bezczeszcza	2
3135	niepubl	2
3136	nienamacalne	2
3137	niezgoda-kapustka	2
3138	bezmyślny	2
3139	niepolskich	2
3140	niepokalene	2
3141	nieufnym	2
3142	niechlubnie	2
3143	nierówności	2
3144	bezndziejna	2
3145	niemówiąc	2
3146	nieakceptowalne	2
3147	nieszczęs	2
3148	nietykalność	2
3149	nieżyciowa	2
3150	niepodrabialna	2
3151	niedopracowana	2
3152	nieemeryt	2
3153	beznerwnego	2
3154	niepodlego	2
3155	niemożności	2
3156	niedoczekania	2
3157	niezg	2
3158	nieokreślonym	2
3159	nietuzinkow	2
3160	nienaturalnych	2
3161	nieszczęśliwej	2
3162	nieumiejętno	2
3163	nieeeeeeeeee	2
3164	bezburzowej	2
3165	niedojdy	2
3166	niełaskawi	2
3167	nieumarły	2
3168	nieprzypadkowa	2
3169	niepodyktowanych	2
3170	niedokonany	2
3171	niebezpieczbne	2
3172	nieoficjalni	2
3173	nienasycony	2
3174	nieznan	2
3175	niedzielna	2
3176	niewiedząc	2
3177	nienawistnikowi	2
3178	niekompetentna	2
3179	nienajlepszym	2
3180	nierown	2
3181	niewyzyta	2
3182	nienajlepiej	2
3183	niedawne	2
3184	bezlaktozową	2
3185	nieczynną	2
3186	niepoukładania	2
3187	niesprawdzony	2
3188	niewolnice	2
3189	niewolnica	2
3190	nieporównywal	2
3191	niesprawdzone	2
3192	nieobec	2
3193	nieodpłatne	2
3194	niehh	2
3195	nierozgarniętych	2
3196	nielubięwkurwiłeś	2
3197	niewystarczajacy	2
3198	bezstronnych	2
3199	niepokolorowana	2
3200	niezweryfikowane	2
3201	bezniq	2
3202	nieterefere	2
3203	niekomfortowe	2
3204	niedomówie	2
3205	nieużywany	2
3206	niewidziane	2
3207	niedorobieni	2
3208	nienowoczesna	2
3209	nieplodnosc	2
3210	nienawistnej	2
3211	bezjajcew	2
3212	nieczulenia	2
3213	niepoważn	2
3214	bezgraniczn	2
3215	nietuczący	2
3216	niebroniacym	2
3217	niewykonalna	2
3218	niewysportowana	2
3219	bezmyślnego	2
3220	niewdzięczną	2
3221	nieznośnym	2
3222	bezwątkowa	2
3223	niedotleniona	2
3224	niewidzianego	2
3225	nieosiągalna	2
3226	niezbydlęcony	2
3227	niezidentyfikowanych	2
3228	niedlu	2
3229	bezproduktywnymi	2
3230	nierzetelność	2
3231	niekotrolowane	2
3232	bezyna	2
3233	niedoskonali	2
3234	niedgodnościami	2
3235	niedościgłym	2
3236	niesmertelnym	2
3237	nierowna	2
3238	nieukrywanym	2
3239	nierozumny	2
3240	nietuzinkowość	2
3241	niezgłębione	2
3242	niedostatek	2
3243	niezwyciężeni	2
3244	niesko	2
3245	nieerr	2
3246	nieska	2
3247	niezapięty	2
3248	nietoperza	2
3249	niepamiec	2
3250	nieprzysługującym	2
3251	niedopitą	2
3252	nierządnica	2
3253	nietoperzach	2
3254	niewyprasowanej	2
3255	nieodpowiedzialna	2
3256	niepochlebnego	2
3257	niepotwierdzonego	2
3258	bezchmurnie	2
3259	nietoperzem	2
3260	nieniecka	2
3261	niels	2
3262	nieogwiazdkwoane	2
3263	bezprecedensowej	2
3264	bezczescil	2
3265	nieszczesnik	2
3266	niedozwolonych	2
3267	niewychowanym	2
3268	nieyę	2
3269	niesławną	2
3270	niedożywionego	2
3271	nienarodzili	2
3272	bezint	2
3273	nieatrakcyjnych	2
3274	niepraw	2
3275	bezinteresowności	2
3276	niekŧórzy	2
3277	nieboskim	2
3278	bezczeszczen	2
3279	nieistotnym	2
3280	niedopuszczalnie	2
3281	niewaz	2
3282	niepolityczny	2
3283	niefortunny	2
3284	bezprawna	2
3285	nieujawnione	2
3286	bezrozumna	2
3287	niektorej	2
3288	nieoddanie	2
3289	nieusprawiedliwiona	2
3290	niebpomga	2
3291	niepoprawnym	2
3292	nie-dziekuje	2
3293	nieoznaczonej	2
3294	niegazowana	2
3295	niedojrzałych	2
3296	niemożliw	2
3297	nieinteresujących	2
3298	nieboyah	2
3299	niemozliwa	2
3300	bezpłodnosc	2
3301	nieefektywne	2
3302	nierozumiem	2
3303	niemozliwr	2
3304	bezbolesne	2
3305	niedoskonała	2
3306	niestabilne	2
3307	niekpoperek	2
3308	niedawo	2
3309	niektóryc	2
3310	niewarto	2
3311	niedowartoś	2
3312	nieślubnym	2
3313	niezyje	2
3314	nieolimpijski	2
3315	niewydanych	2
3316	niedźwiedziom	2
3317	niecodzienną	2
3318	niedowierzaniu	2
3319	niepewnie	2
3320	bezpańska	2
3321	nieprzyzwoite	2
3322	nieogarniętych	2
3323	nieprzewidywalnym	2
3324	niesulicach	2
3325	bezwładny	2
3326	nieszczesliwie	2
3327	nierozmieniają	2
3328	bezbrzeżnej	2
3329	nielimitowa	2
3330	bezodrzuto	2
3331	bezkarna	2
3332	niewdzięcznik	2
3333	nienawidzeniu	2
3334	nieolimpijskich	2
3335	nieszczesna	2
3336	niezreczne	2
3337	bezwolni	2
3338	niestabilną	2
3339	nierobem	2
3340	niehonorowo	2
3341	nierealnej	2
3342	niewspółmierne	2
3343	nieszczesny	2
3344	bezplciowy	2
3345	nieoficjalnego	2
3346	niemowlakow	2
3347	nieproszonych	2
3348	nieogr	2
3349	niesłychaną	2
3350	bezsilnie	2
3351	niezaistniałym	2
3352	niedotlenieniem	2
3353	nieprzyjezdzajacyh	2
3354	niepracować	2
3355	niepamięci	2
3356	nieogranieta	2
3357	bezbłednie	2
3358	niezdarny	2
3359	niesprawiedliwości	2
3360	niepodlegla	2
3361	bezkształtną	2
3362	nieodróżniający	2
3363	niedokończoneg	2
3364	nieduż	2
3365	niepunktualność	2
3366	nieobecnosc	2
3367	niedziwedz	2
3368	niezdementowane	2
3369	nienawistniki	2
3370	niechlubna	2
3371	nieślubny	2
3372	nieja	2
3373	bezwatpienia	2
3374	nieogarnięcie	2
3375	niedotrzymania	2
3376	niewiadosmki	2
3377	nieszanuje	2
3378	nienaukowe	2
3379	bezdom	2
3380	niezrozumiałych	2
3381	niezależnością	2
3382	niezadowoleniu	2
3383	niemczach	2
3384	niezręcznego	2
3385	niezgłoszoną	2
3386	nieudonosci	2
3387	niepodważalnie	2
3388	niedorozwojów	2
3389	nieprzerwanej	2
3390	nienaruszalność	2
3391	nieszczepieniowcy	2
3392	niezdecydowanie	2
3393	niedorosła	2
3394	niedrogi	2
3395	niewyobrażalną	2
3396	niepełnoetatowca	2
3397	niedo-rzecznika	2
3398	niepowtarzalnemu	2
3399	niezdecydowni	2
3400	nieuprawnion	2
3401	niezasymilowanej	2
3402	niedecyzyjny	2
3403	nieautoryzowanym	2
3404	bezprzewodowej	2
3405	niewychowany	2
3406	niezrexzne	2
3407	niedrogie	2
3408	nieistniejących	2
3409	bezwzględną	2
3410	niemożebnie	2
3411	nieostatnie	2
3412	nietentegest	2
3413	niemistrzowska	2
3414	niepełnoaprawnych	2
3415	bezydki	2
3416	nieprzerwany	2
3417	nieprzyjemnym	2
3418	niedaleka	2
3419	bezpieczneg	2
3420	nielubianą	2
3421	niesmiesznw	2
3422	nietatuowani	2
3423	niekontrolowanemu	2
3424	niesmieszna	2
3425	nietrafiony-1	2
3426	niedożywiona	2
3427	niepoważnie	2
3428	niedorobione	2
3429	nierzadu	2
3430	niedomówień	2
3431	niezdo	2
3432	nieprzemyślanym	2
3433	niemieckiem	2
3434	bezu	2
3435	bezt	2
3436	bezl	2
3437	nieetyczna	2
3438	nie-na-wi-dzę	2
3439	bezkarnym	2
3440	nieke	2
3441	nienawistna	2
3442	nieoznakowanych	2
3443	nietolerancyjn	2
3444	niekw	2
3445	bezsilnosc	2
3446	nieżyt	2
3447	nienajlepszy	2
3448	nieogarniające	2
3449	nieczytania	2
3450	nieperfekcyjnosci	2
3451	nierobi	2
3452	nienależne	2
3453	nieróbstwu	2
3454	niepismiennej	2
3455	niezastąpionej	2
3456	nieofcicjalny	2
3457	nierozważny	2
3458	nienawidzimy	2
3459	niezmącone	2
3460	bezczelnej	2
3461	niezmącona	2
3462	niedoboru	2
3463	niewskazana	2
3464	bezkominowy	2
3465	niezagrożone	2
3466	nieironiczna	2
3467	nieprzytomność	2
3468	nieironiczne	2
3469	nieef	2
3470	niebiosach	2
3471	nieśwoeży	2
3472	bezbłędna	2
3473	niemieckiemu	2
3474	nienaowdze	2
3475	niezmordowana	2
3476	niemyty	2
3477	niebieskawy	2
3478	niedzwiedz	2
3479	niewyświetlonym	2
3480	niewykonywanie	2
3481	bezhandlu	2
3482	niewymienny	2
3483	nieeleganckie	2
3484	nieuświadomiony	2
3485	nieprzyjaciel	2
3486	niegodziwość	2
3487	nieodpowiedniej	2
3488	niewłaściwie	2
3489	bezdenna	2
3490	nienawistnika	2
3491	niebotyczn	2
3492	bezpłatn	2
3493	nienawidzil	2
3494	nieistniejącego	2
3495	niemcöw	2
3496	nieszczepiony	2
3497	nieeke	2
3498	niespelniony	2
3499	nieleganie	2
3500	nieuzasadniony	2
3501	nietoperka	2
3502	niechgwiaxdkizostawia	2
3503	bezużyteczn	2
3504	niezastapiony	2
3505	niezobaczenia	2
3506	nieszc	2
3507	nietolerancję	2
3508	niedźwiadków	2
3509	nierdzewnej	2
3510	nieporadnik	2
3511	niewykorzystanymi	2
3512	niewiadomski	2
3513	nieodwzajemnionej	2
3514	nieodwoływalny	2
3515	bezobsługowymi	2
3516	nieodpowiedzialność	2
3517	nieuchylona	2
3518	nieufnie	2
3519	niemozliwego	2
3520	nierasowy	2
3521	niekażdy	2
3522	niezamożni	2
3523	niezd	2
3524	nieregulaminowy	2
3525	niewidzialności	2
3526	niesamodzielnej	2
3527	niepisowskich	2
3528	niewyobr	2
3529	nie-rządami	2
3530	niesolidnosc	2
3531	niewybielanych	2
3532	nielasce	2
3533	nienawisne	2
3534	niedobczycach	2
3535	niekłańskiej	2
3536	nieoczywista	2
3537	niecała	2
3538	niepaczy	2
3539	niewiarygodnymi	2
3540	nieiwnnej	2
3541	niezydow	2
3542	niedowład	2
3543	niewidoczność	2
3544	nie-___	2
3545	beztroskim	2
3546	niemądrym	2
3547	nienewtonowskiej	2
3548	niezorganizowana	2
3549	nieobiektywnego	2
3550	niekończącym	2
3551	nieświadomym	2
3552	niefajny	2
3553	bezprzecznie	2
3554	niefajna	2
3555	niekonsekwencja	2
3556	niezdarności	2
3557	niemcam	2
3558	bezkonkurencyjne	2
3559	niedozwolony	2
3560	bezmyślną	2
3561	nieprawidłowego	2
3562	nieatrakcyjna	2
3563	niewidzialam	2
3564	niechcemisie	2
3565	niekontrolowaną	2
3566	niemowlat	2
3567	bezbarw	2
3568	nieporadników	2
3569	bezbramkowym	2
3570	niezdobytej	2
3571	niedużego	2
3572	niewdzięczniku	2
3573	nieszczęsnym	2
3574	niesubordynacja	2
3575	nieletnimi	2
3576	niepodległoś	2
3577	niewyobrazalnie	2
3578	nieodwracalnymi	2
3579	nieprzypadkowej	2
3580	niekompetenc	2
3581	nietuzinkowej	2
3582	niewolniczy	2
3583	nieziemskie	2
3584	nieprecyzyjnie	2
3585	niefortunną	2
3586	niezawodną	2
3587	niedługi	2
3588	nieprzewidzianego	2
3589	niesprawiedliwosci	2
3590	nieprzesadnie	2
3591	niezbytxddd	2
3592	nienawidzilxddd	2
3593	bezglutenowymi	2
3594	niewybredny	2
3595	niewiastach	2
3596	niezdolnych	2
3597	niegocin	2
3598	niepraktycznego	2
3599	niepodważalną	2
3600	niewydolnym	2
3601	bezdrożami	2
3602	niewidocznoś	2
3603	nieszczesciu	2
3604	nieslugo	2
3605	nienapotkan	2
3606	nieingerencji	2
3607	niedojrzale	2
3608	niecodziennej	2
3609	niedowierzeniem	2
3610	bezformiu	2
3611	niezorientowanych	2
3612	niewypracowana	2
3613	nieosiagalna	2
3614	niemówią	2
3615	niemej	2
3616	niewypału	2
3617	beztrosko	2
3618	niezliczonej	2
3619	nienauwidze	2
3620	niespodzie	2
3621	nieogarniam	2
3622	niemiecko-polskiego	2
3623	nienienienienienie	2
3624	niezamieszczo	2
3625	niedoróbek	2
3626	niewa	2
3627	niekreatywne	2
3628	bezzwrotna	2
3629	niestrzelony	2
3630	niejezdzenia	2
3631	niewłaściwa	2
3632	niezbędnej	2
3633	bezzębmego	2
3634	bezglutenowej	2
3635	bezstronn	2
3636	niehalo	2
3637	niedobrana	2
3638	nieskonczona	2
3639	nieskonczone	2
3640	niepokalaną	2
3641	nieestetyczne	2
3642	niezabite	2
3643	niegi	2
3644	niezbęd	2
3645	niedźwiady	2
3646	nieuprawniony	2
3647	niedy	2
3648	bezszczelnie	2
3649	niepotr	2
3650	bezglutenowcow	2
3651	nieunormowany	2
3652	niespierdolenie	2
3653	niezdarna	2
3654	bezdotykowej	2
3655	bezpieczniejszymi	2
3656	niezdecydowanym	2
3657	niezaskakująca	2
3658	nieszczęśliwym	2
3659	niebraz	2
3660	nieheteronormatywnych	2
3661	niedookreślony	2
3662	niejadkę	2
3663	nieeeelll	2
3664	niezablokowany	2
3665	nieogarnięci	2
3666	nielegaln	2
3667	bezkręgowcami	2
3668	niepodważalna	2
3669	niepowst	2
3670	niewiedziała	2
3671	bezbożne	2
3672	bezwartościowa	2
3673	nieproszonym	2
3674	nieskażone	2
3675	niemowę	2
3676	nienwierze	2
3677	niewiedzący	2
3678	bezpiecznymi	2
3679	nieuczciwego	2
3680	nietypowym	2
3681	niekochany	2
3682	niewykorzystanie	2
3683	niewykorzystania	2
3684	nienormalnych	2
3685	niepodwyższeniu	2
3686	niezdecydowani	2
3687	bezsmakowe	2
3688	niestosownego	2
3689	nieo	2
3690	nieu	2
3691	niedouczonej	2
3692	bezpardonowy	2
3693	niewaznem	2
3694	bezglutenową	2
3695	niestresowanie	2
3696	nieplanowany	2
3697	bezmyslnym	2
3698	bezkrytyczna	2
3699	niepokoję	2
3700	nieprzedstawiam	2
3701	niezna	2
3702	nietoperzątkami	2
3703	nienienieeeeee	2
3704	niezatrzymania	2
3705	nieobjętego	2
3706	niezapmniany	2
3707	niepełosprwanych	2
3708	niewypełnienie	2
3709	niezawodnych	2
3710	niewarzny	2
3711	niewidzeniu	2
3712	nieszczęśćie	2
3713	niewidzenia	2
3714	bezwartosciowym	2
3715	bezbarwach	2
3716	niezręcznej	2
3717	beznadzieje	2
3718	niezyla	2
3719	niewątpliwym	2
3720	nieopisana	2
3721	nieprzyzwoitym	2
3722	bezdebitowa	2
3723	niedowierzam	2
3724	nienienienienie	2
3725	nieufno	2
3726	niesłuszna	2
3727	niecalw	2
3728	niedzielno-kościółkowa	2
3729	bezspornym	2
3730	nieusuwalni	2
3731	niegdzie	2
3732	nieliczny	2
3733	niewiedzą	2
3734	niedogodność	2
3735	nieistniejacy	2
3736	niedbalstwo	2
3737	nielubianym	2
3738	niebylec	2
3739	niezręczności	2
3740	niegodziwej	2
3741	nieorgany	2
3742	niewypełnionymi	2
3743	nieoznaczanie	2
3744	bezemisyjny	2
3745	niemeckeigo	2
3746	nierozumie	2
3747	nierób	2
3748	nieletnie	2
3749	nieślubnego	2
3750	niedyskretnie	2
3751	niexddd	2
3752	nieszczesliwa	2
3753	nieosiąga	2
3754	nieustanny	2
3755	niedobrzr	2
3756	nieprzewdywalne	2
3757	niezapowiedziane	2
3758	bezwartościowemu	2
3759	nieporządek	2
3760	niekonwencjonalna	2
3761	niekonwencjonalny	2
3762	niewyciszone	2
3763	niewysoki	2
3764	nienaganna	2
3765	niezdara	2
3766	niewłaściwe	2
3767	bezwarunkowego	2
3768	niemozliwych	2
3769	nieje	2
3770	niezrealizowanych	2
3771	niezależn	2
3772	niebyłe	2
3773	nieporównywanie	2
3774	niezrecznieeee	2
3775	niedźwiadka	2
3776	nieamerykańskich	2
3777	nieumiejący	2
3778	niebezpieczniejsza	2
3779	nietrudne	2
3780	nieprzestrzega	2
3781	niedoszłym	2
3782	nieczesny	2
3783	nieśmieszna	2
3784	niezapomnij	2
3785	nieogladał	2
3786	nieboszczce	2
3787	nieszczelne	2
3788	niesmacznych	2
3789	nie-miejscach	2
3790	nienar	2
3791	niemożl	2
3792	niewien	2
3793	niepod	2
3794	nieuzywany	2
3795	niezapowiedzna	2
3796	nielotem	2
3797	niewymiarowa	2
3798	nienawidzilabym	2
3799	niestosowania	2
3800	niespełniona	2
3801	niezauważ	2
3802	niezmienny	2
3803	nienaruszonych	2
3804	bezpodstawnymi	2
3805	bezobsługowy	2
3806	nienumie	2
3807	bezuch	2
3808	nielogicznego	2
3809	niezakuty	2
3810	niewłaści	2
3811	nieintuicyjne	2
3812	nieżon	2
3813	niedawalam	2
3814	niezrównoważonej	2
3815	niepasujących	2
3816	niecelnych	2
3817	niezrobione	2
3818	niezdecydowaną	2
3819	niedoskonałościa	2
3820	nieposłuszeństwie	2
3821	niecelowo	2
3822	nietrzeźwego	2
3823	niejawny	2
3824	bezbożnych	2
3825	niewid	2
3826	bezsenności	2
3827	nieświeża	2
3828	niegłosowało	2
3829	niezby	1
3830	bezapelac	1
3831	nienasyceni	1
3832	bezpieczesntwa	1
3833	niestrawnosc	1
3834	niefotogeniczne	1
3835	niecwtym	1
3836	niegroźni	1
3837	niebiańska	1
3838	niepodległy	1
3839	nieglosujacych	1
3840	niekoszerne	1
3841	niepasteryzowanych	1
3842	bezowe	1
3843	bezprecedensowym	1
3844	niewyborczymi	1
3845	niezadbane	1
3846	niezywa	1
3847	niezlą	1
3848	bezbronnego	1
3849	niewystarczające	1
3850	niepamiętam	1
3851	bezproduktywny	1
3852	nieliberalna	1
3853	bezręki	1
3854	bezzasadna	1
3855	nieliberalną	1
3856	niezrzeszeni-widać	1
3857	niewdzięczn	1
3858	nieznajoma	1
3859	niemożliwością	1
3860	niedziałający	1
3861	bezwzgledne	1
3862	niewybieralnym	1
3863	niebieskiemu	1
3864	nieczystym	1
3865	nieszczery	1
3866	nieodczytanych	1
3867	niechtak	1
3868	niedorozwinieta	1
3869	nieprzysiadalność	1
3870	niekonsekwentna	1
3871	nie-windowsie	1
3872	nieodpatre	1
3873	bezawda	1
3874	niebędzie	1
3875	bezzałogowcach	1
3876	bezawaryjnej	1
3877	niewencej	1
3878	niedysponowanego	1
3879	nienaruszone	1
3880	bezuczuciowym	1
3881	bezguscie	1
3882	bezguscia	1
3883	nienprzejmuj	1
3884	bezklasie	1
3885	nienajlepszymi	1
3886	niestrawionego	1
3887	bezbarwne	1
3888	nieprzepuszczalne	1
3889	nieru	1
3890	niedostateczny	1
3891	nieukrywane	1
3892	niestandardową	1
3893	nieboszczyków	1
3894	niezapomne	1
3895	niezbędnego	1
3896	nieproszona	1
3897	niemiłax	1
3898	bezawadaaaa	1
3899	nieoznakowa	1
3900	niezmie	1
3901	bezpośrednia	1
3902	niedostępn	1
3903	niewiad	1
3904	nierządów	1
3905	niezłomnym	1
3906	nierozłączna	1
3907	nieqx	1
3908	niepublikowany	1
3909	nieśmiesznymi	1
3910	nieproporcjonalne	1
3911	bezzywap	1
3912	nieborak	1
3913	nieukrywaną	1
3914	niestandardowe	1
3915	niedostateczną	1
3916	niehejtująca	1
3917	niezauwazylam	1
3918	niekonstytucyjnego	1
3919	nierównowagę	1
3920	nieczytelny	1
3921	nieobserwujoncych	1
3922	nieusatysfakcjonowana	1
3923	nieboglosy	1
3924	bezemnie	1
3925	nieustępliwość	1
3926	bezboznico	1
3927	nieśmigany	1
3928	niecj	1
3929	nietoperzy	1
3930	bezbolesn	1
3931	nieprzekombinowany	1
3932	nielogiczna	1
3933	nienasyconym	1
3934	nienadający	1
3935	niedzwiedzie	1
3936	niepozwolenie	1
3937	niepełnolet	1
3938	niemożebna	1
3939	bezdzietność	1
3940	niechcec	1
3941	bezkręgowce	1
3942	niewykorzystanego	1
3943	bezmała	1
3944	nieźly	1
3945	nieubłaganym	1
3946	niepasteryzowane	1
3947	niejednych	1
3948	bezwiedn	1
3949	bezradną	1
3950	niemicki	1
3951	nieśmiertelną	1
3952	niezrozumiany	1
3953	niezastanawialam	1
3954	niezrozumiani	1
3955	nieskuteczni	1
3956	niemieckoego	1
3957	nieodpłatnie	1
3958	niedoskonalosci	1
3959	niecodziennych	1
3960	bezradni	1
3961	bezinteresowaności	1
3962	nierzadko	1
3963	niezerową	1
3964	niekandydowaniem	1
3965	niemycia	1
3966	niebotyczna	1
3967	nieprzestrzeganych	1
3968	niemamnie	1
3969	niejasny	1
3970	niezłomną	1
3971	niedawania	1
3972	bezsennych	1
3973	nietknięty	1
3974	niewejście	1
3975	bezruch	1
3976	niezdefiniowany	1
3977	nieprzewidywalność	1
3978	niepodważa	1
3979	niedoszłe	1
3980	niedoszła	1
3981	bezspadkow	1
3982	niezapomnimy	1
3983	nienawidzecie	1
3984	bezpośrdnim	1
3985	niesmialy	1
3986	niedociągnięć	1
3987	bezużytecznych	1
3988	nieuczciwie	1
3989	niezniszczalni	1
3990	niedalej	1
3991	nieśmiałych	1
3992	nieprzytomnym	1
3993	niezamykany	1
3994	niewykor	1
3995	nietaktowność	1
3996	niesprawiedliwosc	1
3997	nieładny	1
3998	nieodkupie	1
3999	nierzetelne	1
4000	niewystarczajaca	1
4001	niestabilnyc	1
4002	niela	1
4003	niedobitki	1
4004	niewykonalny	1
4005	niedotknięty	1
4006	nieposzedl	1
4007	niecierpliwi	1
4008	nieustawione	1
4009	niezyjacy	1
4010	niebezpi	1
4011	nieunikni	1
4012	niefinansowe	1
4013	niedlugim	1
4014	nieboraku	1
4015	nieludzkiego	1
4016	nieczuła	1
4017	niepokonanej	1
4018	niezjadliwy	1
4019	niepodwazalnie	1
4020	niepójście	1
4021	niepowołanie	1
4022	bezpanskich	1
4023	niemieckicj	1
4024	nieexd	1
4025	niemordowali	1
4026	niedogodno	1
4027	nieznaszmnienatylezebywypowiadacsienamojtemat	1
4028	bezrozumnie	1
4029	bezkresny	1
4030	bezinteresowna	1
4031	nieporownywalne	1
4032	niewyraznie	1
4033	niecieszył	1
4034	nieoptymalnych	1
4035	nieziemskiej	1
4036	bezuzytecznego	1
4037	niejest	1
4038	niedochodowe	1
4039	niezdecydowane	1
4040	bezpośrednością	1
4041	niekoho	1
4042	niezlego	1
4043	beznafzieja	1
4044	niesioloskim	1
4045	niekkkkk	1
4046	niestabilnej	1
4047	nieskutecznymi	1
4048	bezbożnicy	1
4049	nieobrazil	1
4050	nieznaczaca	1
4051	niewidoczny	1
4052	nienazwanie	1
4053	nieodpowiedzialny	1
4054	niewidoczna	1
4055	nieczystość	1
4056	nieskrojonego	1
4057	niespospodziewana	1
4058	nieogarniecie	1
4059	niestarć	1
4060	bezblednie	1
4061	nieprawdziwego	1
4062	niedligi	1
4063	niedojedzony	1
4064	niekatoliczka	1
4065	niewyparzone	1
4066	nieodpowiedzialn	1
4067	niedbałe	1
4068	bezrefleks	1
4069	niecierpliwych	1
4070	niebagatelna	1
4071	niewidoma	1
4072	beztalencia	1
4073	niepracująca	1
4074	nieotwarte	1
4075	bezdenne	1
4076	bezie	1
4077	niedokladnosci	1
4078	nieswoja	1
4079	bezkregowcow	1
4080	niezwy	1
4081	niesolidne	1
4082	nieciecze	1
4083	nieprecyzyjnych	1
4084	niewiastą	1
4085	niegam	1
4086	niewiadomeg	1
4087	nieposzanowanie	1
4088	niedojdami	1
4089	nierozstrzygnięty	1
4090	niepłodnosć	1
4091	nieodkryty	1
4092	nieobecnosxi	1
4093	bezduszny	1
4094	bezpodstawny	1
4095	niemieckojęzycznych	1
4096	bezpardonowe	1
4097	niepoprzechodzili	1
4098	niezmierzone	1
4099	niewidzialność	1
4100	niepokalanowie	1
4101	niedowartościowana	1
4102	niezawodowiec	1
4103	niewiadomoco	1
4104	nieprzetłumaczalne	1
4105	niestrawny	1
4106	nieprzecietny	1
4107	nieprzyp	1
4108	nieuslyszy	1
4109	niewdzieczna	1
4110	nieodłączny	1
4111	niełatwego	1
4112	bezbożni	1
4113	bezbożna	1
4114	nieistni	1
4115	niezmiesko	1
4116	niefajnego	1
4117	bezludna	1
4118	nienormalności	1
4119	nieprzespanych	1
4120	niemiaszków	1
4121	niepotrzebnymi	1
4122	niezakochiwac	1
4123	niewdzięcznicy	1
4124	nieznajacy	1
4125	niedorozwinięta	1
4126	niektóryxh	1
4127	niepartyjna	1
4128	niedrozne	1
4129	nieposiadający	1
4130	nieszczęśliwych	1
4131	niewydrukowana	1
4132	niewydolne	1
4133	nieostającego	1
4134	niefajowo	1
4135	niedużej	1
4136	nieomylnymi	1
4137	bezczelnośći	1
4138	niedowidzisz	1
4139	niedotlenienia	1
4140	nieścisłościach	1
4141	bezonwabele	1
4142	niezau	1
4143	niemeldowana	1
4144	niedopuszczania	1
4145	niechcianym	1
4146	nieatrakcyjny	1
4147	niedere	1
4148	nieporządki	1
4149	nieeuropejscy	1
4150	niedysponowany	1
4151	nieodzywanie	1
4152	nienawidzcie	1
4153	nieopanowany	1
4154	niebrzydkie	1
4155	niewątpliwi	1
4156	niedoinwestowanej	1
4157	nietoler	1
4158	niefiltrowanego	1
4159	niezwi	1
4160	nieumie	1
4161	niehonorowym	1
4162	niegłosowaniu	1
4163	nieucierpieliście	1
4164	nienowocześni	1
4165	niejednym	1
4166	bezkofeinowa	1
4167	nienienienienienienienie	1
4168	niechrześcijańska	1
4169	niebanalna	1
4170	niebanalne	1
4171	nieleg	1
4172	niemkom	1
4173	nieszczel	1
4174	nietendencyjnego	1
4175	nieintuicyjnie	1
4176	niedoleczony	1
4177	bezdusznych	1
4178	nieudaczni	1
4179	bezwstydnicy	1
4180	nieży	1
4181	niezniszczonych	1
4182	niewyciagajwnioskownapodstawiejednegozdaniawypowi	1
4183	niektórz	1
4184	nieszanującymi	1
4185	niekontrolowan	1
4186	nieneien	1
4187	nieprawdopodobna	1
4188	niedorzeczność	1
4189	bezkaloryczna	1
4190	bezdzietni	1
4191	niedowidzący	1
4192	bezramkowego	1
4193	nieczule	1
4194	niemrawą	1
4195	niejadkach	1
4196	niestraszny	1
4197	niewychowaną	1
4198	bezimiennych	1
4199	niebezpiec	1
4200	nieopatrznie	1
4201	niemtcom	1
4202	nienormalną	1
4203	bezbożnikiem	1
4204	bezczas	1
4205	niekonczaca	1
4206	nienormowane	1
4207	bezczeszczą	1
4208	nietęgim	1
4209	nieeeeeeeeeeeeeeeeeeeeeeeee	1
4210	niekorzystnym	1
4211	niewzruszone	1
4212	nieprzykryta	1
4213	niepewni	1
4214	bezzywapers	1
4215	niesłuszni	1
4216	niepotrzebujecie	1
4217	niełaskawy	1
4218	niejadną	1
4219	nieź	1
4220	bezjaka	1
4221	niejanuszy	1
4222	niemi3c	1
4223	nieznam	1
4224	nienawidziłabym	1
4225	niepowodzeniu	1
4226	nierejestrowanej	1
4227	niepełnym	1
4228	niedawni	1
4229	niedojebizmu	1
4230	bezalternatywną	1
4231	niedorozwojem	1
4232	nielubiani	1
4233	niedorozwoj	1
4234	bezwstydne	1
4235	nieletniego	1
4236	bezkonkurencyjna	1
4237	nieinnowacyjnej	1
4238	niekompetentną	1
4239	bezalkoholową	1
4240	bezpłciowi	1
4241	bezpłciowo	1
4242	niedowage	1
4243	nierozłączny	1
4244	niedopr	1
4245	nienowoczesne	1
4246	niefalszywego	1
4247	nieszczęsnego	1
4248	niedojdą	1
4249	nieszczerym	1
4250	nieduża	1
4251	nierozumnych	1
4252	niemowlęcopolskiemu	1
4253	nieosiągalne	1
4254	nierównoległy	1
4255	niepłodnosci	1
4256	niedziński	1
4257	niefortunnym	1
4258	bezdomnemu	1
4259	niedoczytanych	1
4260	niebanalnie	1
4261	niezaklejoną	1
4262	bezscenna	1
4263	niepoznałem	1
4264	niechcianych	1
4265	bezradnie	1
4266	bezrefleksyjność	1
4267	niestosowne	1
4268	niepływający	1
4269	niedojebanym	1
4270	nieswojej	1
4271	niedokładny	1
4272	niezgadzać	1
4273	niewyjasnionych	1
4274	niewykrywalny	1
4275	nieublaganie	1
4276	nielubianego	1
4277	nieodczytana	1
4278	bezmózgowuec	1
4279	bezmózgowiec	1
4280	niem-fr	1
4281	nienawidse	1
4282	bezdzietne	1
4283	nienachalny	1
4284	niepełnoletności	1
4285	niedocenionych	1
4286	nieudanie	1
4287	nieoceniane	1
4288	niegooooo	1
4289	niemotów	1
4290	niedoinfotmowana	1
4291	bezbarwną	1
4292	niemiłym	1
4293	niesem	1
4294	bezmózgowia	1
4295	nieznanemu	1
4296	nielga	1
4297	niedużą	1
4298	bezwzględnością	1
4299	niespodz	1
4300	nieprzyjaciele	1
4301	niechorze	1
4302	bezpieczniejszego	1
4303	bezpodstawnych	1
4304	nieludzkim	1
4305	nierzuca	1
4306	nieswoją	1
4307	nietykalnymi	1
4308	niedorozwoje	1
4309	nieważnym	1
4310	niezainteresowane	1
4311	niestetyż	1
4312	niezapomnianego	1
4313	niezłej	1
4314	nieskoczone	1
4315	niesmac	1
4316	niegrzecznej	1
4317	niespodziewanym	1
4318	niesłusznym	1
4319	niedoręczane	1
4320	nieprzemijajace	1
4321	niezniszczona	1
4322	niedawn	1
4323	niewyparzonym	1
4324	nieodpowiedzialnego	1
4325	niebogłosy	1
4326	bezpaństwowiec	1
4327	niedostatecznie	1
4328	bezcz	1
4329	nieuznanej	1
4330	niewdziecznico	1
4331	niedostanie	1
4332	nieczytająca	1
4333	nieprzystojnych	1
4334	bezprze	1
4335	niedawnood	1
4336	niezwiązany	1
4337	niezgodnego	1
4338	nieskazitelną	1
4339	nieczystoooo	1
4340	niejedzenie	1
4341	nienawidzo	1
4342	niespodziewanego	1
4343	nierozstrzygnięte	1
4344	niewatpliwie	1
4345	niedocenianych	1
4346	niemczyka	1
4347	nietzrezwym	1
4348	nieliczn	1
4349	niewspółmierna	1
4350	niemowlakom	1
4351	niepokó	1
4352	bezlusterkowce	1
4353	niezauważalną	1
4354	nieistotny	1
4355	nieogarniająca	1
4356	niepołączeniu	1
4357	niemow	1
4358	niejxd	1
4359	bezjajecznym	1
4360	nieuczciwość	1
4361	niemcoki	1
4362	niesprawiedliwego	1
4363	niewłaściwymi	1
4364	niesmiale	1
4365	niepoślednie	1
4366	niezapowiedzianej	1
4367	nienieniee	1
4368	nieulegając	1
4369	bezdech	1
4370	nieśmiertelnik	1
4371	niekogo	1
4372	nieodpowiedzialnymi	1
4373	nieche	1
4374	niewąsko	1
4375	niepokornym	1
4376	nieuwzględnienie	1
4377	niekiepsko	1
4378	niedomyta	1
4379	niewyedukowanym	1
4380	nieloty	1
4381	niedorobie	1
4382	niezapomnianych	1
4383	nienaturalnym	1
4384	niecystości	1
4385	nierentowność	1
4386	niejawnego	1
4387	bezeceństw	1
4388	nieogarnięty	1
4389	nieprzyznaniem	1
4390	niezbendny	1
4391	nieocenione	1
4392	niewypierdoli	1
4393	niewystarczającą	1
4394	niemra	1
4395	niezdrowej	1
4396	niebwytrzymam	1
4397	nieumiejąc	1
4398	niesmaczy	1
4399	niezabudiem	1
4400	niemiłą	1
4401	niejakie	1
4402	nieosiągalnym	1
4403	niezbywalne	1
4404	nieprzemyślanych	1
4405	nieczystooo	1
4406	nierozsądnych	1
4407	nieprzespany	1
4408	niestałośc	1
4409	nieodlacznie	1
4410	nieetyczny	1
4411	bezs	1
4412	bezc	1
4413	niewychowana	1
4414	niecenzuralnych	1
4415	niegłupi	1
4416	niemobilizowanych	1
4417	nieposłuszeństwo	1
4418	bezsenne	1
4419	nieinteligentna	1
4420	niejasno	1
4421	niechlujnie	1
4422	nieczytanie	1
4423	nieróbstwo	1
4424	niecierpliwić	1
4425	niezwyklego	1
4426	niecierpliwią	1
4427	nieistnie	1
4428	bezcześcili	1
4429	niecenzurowanego	1
4430	bezprzetargowe	1
4431	nieestetycznie	1
4432	niezagrożona	1
4433	bezbłędni	1
4434	niedzieleczka	1
4435	niespotykanie	1
4436	bezkrytycznym	1
4437	niekwestionowana	1
4438	niepokoj	1
4439	nieumiejetne	1
4440	niezrecznosc	1
4441	bezmżógowe	1
4442	niewydymka	1
4443	bezeceństwo	1
4444	niedziałkow	1
4445	nieoznakowany	1
4446	nienowoczesny	1
4447	nieugięci	1
4448	bezwolna	1
4449	niellllll	1
4450	niewiadmo	1
4451	niepodległością	1
4452	niemiłosie	1
4453	nierozmawia	1
4454	nienawidzie	1
4455	bezgranicznym	1
4456	nieeeexddddddd	1
4457	niedołęgą	1
4458	niesamobójstwo	1
4459	nieocenionego	1
4460	nienfo	1
4461	niedoszacowanie	1
4462	bezstronności	1
4463	niedomyty	1
4464	niedyspozycje	1
4465	niepotrzebnaxd	1
4466	niereal	1
4467	niewyjaśnioną	1
4468	nieidealność	1
4469	niebezbiec	1
4470	nieświadomi	1
4471	niepołomskie	1
4472	niewymiernym	1
4473	bezenkolo	1
4474	niewygody	1
4475	niedob	1
4476	nieogarnięte	1
4477	niedoz	1
4478	niewyraźna	1
4479	niemodn	1
4480	bezdomnymi	1
4481	niedosłyszących	1
4482	nieodbrze	1
4483	niedojrzałym	1
4484	niekrzywdzace	1
4485	bezy	1
4486	niezw	1
4487	niedotlenienie	1
4488	nieprzypadkowe	1
4489	nietoperek	1
4490	nieśmiesznie	1
4491	niebumeim	1
4492	nieagresj	1
4493	niegrzecznych	1
4494	niesprawiedliwi	1
4495	niepełnej	1
4496	niedowaga	1
4497	bezosobowi	1
4498	bezosobowo	1
4499	niemarnowaniu	1
4500	niestosowaniu	1
4501	niewolniczą	1
4502	nieaktualna	1
4503	niezadowolo	1
4504	niepolecam	1
4505	nieśmiałe	1
4506	niechc	1
4507	nierefundowanego	1
4508	niechcąc	1
4509	nieklikalny	1
4510	nieskomplikowanej	1
4511	niemojśta	1
4512	nie-św	1
4513	nieptrzebne	1
4514	nierozstr	1
4515	niezręcznym	1
4516	niemowlak	1
4517	nieprzewidzianych	1
4518	nielogicznym	1
4519	bezguście	1
4520	nierozliczone	1
4521	niemodne	1
4522	niekulturalne	1
4523	bezwolny	1
4524	bezzębna	1
4525	niebiosy	1
4526	niekonsekwencję	1
4527	nieludz	1
4528	bezumowny	1
4529	nie-ciężkie	1
4530	nieusprawiedli	1
4531	niepłaskich	1
4532	nie-_	1
4533	bezrefleksyjne	1
4534	niendelee	1
4535	nieobyczajność	1
4536	nieregularnie	1
4537	bezrobociem	1
4538	nierównym	1
4539	nienmam	1
4540	nieokreśl	1
4541	niesprawidliwy	1
4542	nieswiadoma	1
4543	niedowierzani	1
4544	niety	1
4545	niedzielaxddd	1
4546	nieposzlakowany	1
4547	nieisniejebadu	1
4548	nieprzesluchana	1
4549	niemalze	1
4550	niedzisiejszy	1
4551	nieszczęśc	1
4552	niewychowwny	1
4553	nieudacz	1
4554	niesympatii	1
4555	nieudacznikom	1
4556	niewyrobiony	1
4557	nieskazitelnych	1
4558	niejednoznaczni	1
4559	niedostałem	1
4560	niemozliwi	1
4561	niekulturnyj	1
4562	niepatriotyczna	1
4563	niefartowne	1
4564	niewyczerpalne	1
4565	nieznacznej	1
4566	nieśmiałego	1
4567	nieaudytowany	1
4568	nieprzypadk	1
4569	niega	1
4570	nieogarnianie	1
4571	niewypełniony	1
4572	nieprzewidywalni	1
4573	nieodzalowanym	1
4574	nieudancy	1
4575	nienawixze	1
4576	nieeeer	1
4577	niespodzian	1
4578	niemiało	1
4579	niebiesko-żółtym	1
4580	nietolerancyjni	1
4581	nieprzygotowanych	1
4582	bezsmakowych	1
4583	nieciekawego	1
4584	nieboooo	1
4585	nieprzyznawa	1
4586	bezstresowego	1
4587	bezbożniku	1
4588	niespodziewana	1
4589	niewiniątka	1
4590	niespr	1
4591	niedopuszcza	1
4592	nieintuicyjna	1
4593	niemiłych	1
4594	niewzruszonym	1
4595	niedotrzymanych	1
4596	niebezpie	1
4597	nieskaźony	1
4598	niewpuszczaniu	1
4599	niepraktyczna	1
4600	niesłyszący	1
4601	niewyparzoną	1
4602	niespełnionymi	1
4603	niecałego	1
4604	niestetysa	1
4605	nieznaczne	1
4606	bezkrytyczne	1
4607	nieustawienie	1
4608	niepotrzeba	1
4609	bezterminowo	1
4610	nieważnyc	1
4611	bezproblemową	1
4612	nieocenionym	1
4613	niepełnoletnia	1
4614	niepełnoletnim	1
4615	nieboskłon	1
4616	nie-bo	1
4617	niezdarność	1
4618	nieskromna	1
4619	nieswiadomosci	1
4620	nieokrzesany	1
4621	niezdolności	1
4622	niegdysiejszą	1
4623	niecałkowicie	1
4624	nierozwiąz	1
4625	nieufny	1
4626	niepokoje	1
4627	niewymierna	1
4628	nieodłączna	1
4629	niedoruchana	1
4630	niedorzecznymi	1
4631	niekonstytucyjnymi	1
4632	niezaradne	1
4633	niełamiące	1
4634	niewolniku	1
4635	niestrawnym	1
4636	niegazowaną	1
4637	niepłaceniu	1
4638	niezłymi	1
4639	niegasnącą	1
4640	niekonsekwentnie	1
4641	nieomylni	1
4642	nie-kurczaka	1
4643	niegggo	1
4644	niedoskonaly	1
4645	niebiosom	1
4646	nieskromnej	1
4647	nieomylne	1
4648	nieeuropejski	1
4649	nieletnim	1
4650	niepocieszona	1
4651	bezproblemowa	1
4652	niezbywalnym	1
4653	niedobrych	1
4654	niedostateczna	1
4655	niespokojnej	1
4656	nieświeżego	1
4657	niemogę	1
4658	niemni	1
4659	bezdurno	1
4660	niedojadania	1
4661	niecierpliwość	1
4662	nierapowych	1
4663	bezpodstawnym	1
4664	niewolnictwie	1
4665	nienajgorsza	1
4666	niestabilność	1
4667	bezpieczniejsza	1
4668	nieklimatyzowanym	1
4669	niewprowadzanie	1
4670	nienajgorsze	1
4671	nieskrępowana	1
4672	niezlych	1
4673	nieeeeeeejapwirodle	1
4674	niecnoty	1
4675	nieweryfikowalna	1
4676	niedoścignioni	1
4677	niebiebiesko	1
4678	niedyskretne	1
4679	nieobiektywny	1
4680	niepogodą	1
4681	nieodeśsiesz	1
4682	niepok	1
4683	nieznoszę	1
4684	niemowieomel	1
4685	niezrzeszony	1
4686	niepowodzeniach	1
4687	nieudolnoś	1
4688	niejebane	1
4689	niezniszczalnych	1
4690	niemożliwość	1
4691	bezczynności	1
4692	niedorajda	1
4693	bezinteresownego	1
4694	niedociągnięte	1
4695	niewinno	1
4696	niemcuw	1
4697	nieme	1
4698	nie-pawlaczyk	1
4699	nieubł	1
4700	bezbramkowy	1
4701	niejakiej	1
4702	niedziałania	1
4703	niewazna	1
4704	nieogladac	1
4705	nieudolstwa	1
4706	niepora	1
4707	niewyprasowane	1
4708	nieformalnych	1
4709	nieprawdopodobnym	1
4710	nieustannym	1
4711	niezrównoważeni	1
4712	niezdefinowana	1
4713	niewysyłaniu	1
